Issue Key,Summary,Type,Status,Assignee,Created,Resolved,Custom field (Waiting Reason),Custom field (Test Automation),Labels,Sprint,Sprint,Sprint
SQ-A-1,Fix password reset flow,Story,Done,auth-squad,2026-07-02T08:30:00Z,2026-07-05T11:22:48Z,,Perfecto Mobile,,Sprint-1,,
SQ-A-2,Refactor login rate limiting,Story,Done,auth-squad,2026-07-09T09:45:00Z,2026-07-21T05:54:36Z,,Postman,,Sprint-1,Sprint-2,
SQ-A-3,Optimize token refresh,Story,Done,auth-squad,2026-07-01T16:15:00Z,2026-07-09T06:53:24Z,,Manual,,Sprint-1,,
SQ-A-4,Optimize MFA enrollment,Story,Done,auth-squad,2026-07-10T12:00:00Z,2026-07-13T18:43:12Z,,Selenium,,Sprint-1,,
SQ-A-5,Harden MFA enrollment,Story,Done,auth-squad,2026-07-03T11:30:00Z,2026-07-08T12:27:36Z,,Postman,,Sprint-1,,
SQ-A-6,Optimize session handling,Story,Done,auth-squad,2026-07-05T08:45:00Z,2026-07-15T03:28:12Z,,Manual,,Sprint-1,Sprint-2,
SQ-A-7,Add password reset flow,Story,Done,auth-squad,2026-07-05T17:30:00Z,2026-07-13T08:51:36Z,,Selenium,,Sprint-1,,
SQ-A-8,Optimize MFA enrollment,Story,Done,auth-squad,2026-07-13T12:00:00Z,2026-07-22T10:19:12Z,,Manual,,Sprint-1,Sprint-2,
SQ-A-9,Investigate password reset flow,Story,Done,auth-squad,2026-07-11T13:15:00Z,2026-07-15T05:34:12Z,,Perfecto Mobile,,Sprint-1,Sprint-2,
SQ-A-10,Document credential rotation,Story,In Progress,auth-squad,2026-07-11T09:15:00Z,,,Selenium,,Sprint-1,,
SQ-A-11,Add token refresh,Story,Done,auth-squad,2026-07-11T16:15:00Z,2026-07-20T10:00:36Z,,Selenium,,Sprint-1,Sprint-2,
SQ-A-12,Harden token refresh,Story,Done,auth-squad,2026-07-13T13:45:00Z,2026-07-17T06:18:36Z,,Postman,,Sprint-1,Sprint-2,
SQ-A-13,Investigate password reset flow,Story,Done,auth-squad,2026-07-08T14:45:00Z,2026-07-11T17:37:48Z,,Manual,,Sprint-1,,
SQ-A-14,Improve login rate limiting,Story,Done,auth-squad,2026-07-07T17:45:00Z,2026-07-17T17:16:12Z,,Manual,,Sprint-1,Sprint-2,
SQ-A-15,Optimize login rate limiting,Story,Done,auth-squad,2026-07-02T08:00:00Z,2026-07-05T14:43:12Z,,Selenium,,Sprint-1,,
SQ-A-16,Add password reset flow,Story,In Progress,auth-squad,2026-07-07T14:45:00Z,,,Perfecto Mobile,,Sprint-1,,
SQ-A-17,Investigate credential rotation,Story,Done,auth-squad,2026-07-02T16:30:00Z,2026-07-07T09:46:48Z,,Selenium,,Sprint-1,,
SQ-A-18,Fix password reset flow,Story,Done,auth-squad,2026-07-08T08:30:00Z,2026-07-16T10:54:00Z,,Selenium,,Sprint-1,Sprint-2,
SQ-A-19,Add login rate limiting,Story,Done,auth-squad,2026-07-14T16:15:00Z,2026-07-22T18:39:00Z,,Selenium,,Sprint-1,Sprint-2,
SQ-A-20,Investigate token refresh,Story,Done,auth-squad,2026-07-08T08:00:00Z,2026-07-17T08:43:12Z,,Selenium,,Sprint-1,Sprint-2,
SQ-B-1,Improve checkout widget,Story,Done,checkout-squad,2026-07-10T09:00:00Z,2026-07-18T21:43:12Z,,Postman,,Sprint-1,Sprint-2,
SQ-B-2,Optimize checkout widget,Story,Done,checkout-squad,2026-07-08T16:15:00Z,2026-07-17T15:46:12Z,,Manual,,Sprint-1,Sprint-2,
SQ-B-3,Harden order summary,Story,Done,checkout-squad,2026-07-13T11:30:00Z,2026-07-20T20:22:48Z,,Manual,,Sprint-1,Sprint-2,
SQ-B-4,Refactor guest checkout,Story,Done,checkout-squad,2026-07-08T09:15:00Z,2026-07-13T02:03:00Z,,Selenium,,Sprint-1,,
SQ-B-5,Harden cart persistence,Story,Done,checkout-squad,2026-07-01T09:00:00Z,2026-07-10T14:45:36Z,,Manual,,Sprint-1,,
SQ-B-6,Document checkout widget,Story,Done,checkout-squad,2026-07-04T12:45:00Z,2026-07-07T14:11:24Z,,Manual,,Sprint-1,,
SQ-B-7,Harden order summary,Story,Done,checkout-squad,2026-07-13T14:15:00Z,2026-07-20T20:43:48Z,,Manual,,Sprint-1,Sprint-2,
SQ-B-8,Fix checkout widget,Story,Done,checkout-squad,2026-07-08T08:00:00Z,2026-07-25T21:12:00Z,,Selenium,,Sprint-1,Sprint-2,
SQ-B-9,Document checkout widget,Story,Done,checkout-squad,2026-07-04T16:45:00Z,2026-07-08T04:01:48Z,,Selenium,,Sprint-1,,
SQ-B-10,Add cart persistence,Story,Done,checkout-squad,2026-07-08T16:00:00Z,2026-07-28T15:45:36Z,,Swagger,,Sprint-1,Sprint-2,
SQ-B-11,Optimize cart persistence,Story,Done,checkout-squad,2026-07-14T11:15:00Z,2026-07-20T07:39:00Z,,Selenium,,Sprint-1,Sprint-2,
SQ-B-12,Document discount code,Story,Done,checkout-squad,2026-07-07T08:45:00Z,2026-07-15T15:13:48Z,,Manual,,Sprint-1,Sprint-2,
SQ-B-13,Add guest checkout,Story,Done,checkout-squad,2026-07-12T16:45:00Z,2026-07-17T01:37:48Z,,Perfecto Mobile,,Sprint-1,Sprint-2,
SQ-B-14,Improve cart persistence,Story,Done,checkout-squad,2026-07-09T08:30:00Z,2026-07-25T14:44:24Z,,Manual,,Sprint-1,Sprint-2,
SQ-B-15,Refactor order summary,Story,Done,checkout-squad,2026-07-02T10:00:00Z,2026-07-09T19:36:00Z,,Selenium,,Sprint-1,,
SQ-B-16,Harden discount code,Story,Done,checkout-squad,2026-07-10T11:00:00Z,2026-07-15T19:24:00Z,,Selenium,,Sprint-1,Sprint-2,
SQ-D-1,Investigate settlement batch,Story,Done,payments-squad,2026-07-12T13:15:00Z,2026-07-15T14:27:00Z,,Selenium,,Sprint-1,Sprint-2,
SQ-D-2,Fix card tokenization,Story,Done,payments-squad,2026-07-13T09:00:00Z,2026-07-23T08:45:36Z,,Manual,,Sprint-1,Sprint-2,
SQ-D-3,Fix wallet linking,Story,Done,payments-squad,2026-07-04T16:30:00Z,2026-07-09T11:27:36Z,,Selenium,,Sprint-1,,
SQ-D-4,Add payment retry logic,Story,Done,payments-squad,2026-07-05T10:45:00Z,2026-07-13T01:52:12Z,,Manual,,Sprint-1,,
SQ-D-5,Improve fraud rule tuning,Story,Done,payments-squad,2026-07-05T09:15:00Z,2026-07-14T12:07:48Z,,Selenium,,Sprint-1,,
SQ-D-6,Investigate refund workflow,Story,Done,payments-squad,2026-07-10T11:30:00Z,2026-07-17T13:10:48Z,,Manual,,Sprint-1,Sprint-2,
SQ-D-7,Add card tokenization,Story,Done,payments-squad,2026-07-05T08:00:00Z,2026-07-13T23:07:12Z,,Selenium,,Sprint-1,,
SQ-D-8,Optimize refund workflow,Story,Done,payments-squad,2026-07-13T10:30:00Z,2026-07-18T23:13:12Z,,Selenium,,Sprint-1,Sprint-2,
SQ-D-9,Improve settlement batch,Story,Done,payments-squad,2026-07-02T09:15:00Z,2026-07-11T01:34:12Z,,Selenium,,Sprint-1,,
SQ-D-10,Add fraud rule tuning,Story,Done,payments-squad,2026-07-01T12:30:00Z,2026-07-09T21:22:48Z,,Selenium,,Sprint-1,,
SQ-D-11,Optimize refund workflow,Story,Done,payments-squad,2026-07-11T11:00:00Z,2026-07-17T22:31:12Z,,Swagger,,Sprint-1,Sprint-2,
SQ-D-12,Optimize card tokenization,Story,Done,payments-squad,2026-07-03T11:15:00Z,2026-07-11T23:00:36Z,,Selenium,,Sprint-1,,
SQ-D-13,Refactor fraud rule tuning,Story,Done,payments-squad,2026-07-12T13:45:00Z,2026-07-21T11:35:24Z,,Selenium,,Sprint-1,Sprint-2,
SQ-D-14,Refactor wallet linking,Story,Done,payments-squad,2026-07-13T09:45:00Z,2026-07-22T06:37:48Z,,Manual,,Sprint-1,Sprint-2,
SQ-D-15,Optimize fraud rule tuning,Story,Done,payments-squad,2026-07-06T12:15:00Z,2026-07-13T18:58:12Z,,Selenium,,Sprint-1,,
SQ-D-16,Harden card tokenization,Story,Done,payments-squad,2026-07-14T09:30:00Z,2026-07-20T11:25:12Z,,Selenium,,Sprint-1,Sprint-2,
SQ-D-17,Harden payment retry logic,Story,Done,payments-squad,2026-07-05T10:30:00Z,2026-07-21T19:22:48Z,,Selenium,,Sprint-1,Sprint-2,
SQ-D-18,Investigate card tokenization,Story,Done,payments-squad,2026-07-07T17:00:00Z,2026-07-14T07:38:24Z,,Perfecto Mobile,,Sprint-1,,
SQ-D-19,Harden refund workflow,Story,Done,payments-squad,2026-07-07T08:15:00Z,2026-07-09T21:41:24Z,,Selenium,,Sprint-1,,
SQ-D-20,Harden settlement batch,Story,In Progress,payments-squad,2026-07-11T09:30:00Z,,,Perfecto Mobile,,Sprint-1,,
SQ-C-1,Improve statement generation,Story,In Progress,core-banking-squad,2026-07-09T10:15:00Z,,,Manual,,Sprint-1,,
SQ-C-2,Harden interest accrual calculation,Story,Done,core-banking-squad,2026-07-05T14:00:00Z,2026-07-09T06:19:12Z,,Manual,,Sprint-1,,
SQ-C-3,Improve double-entry validation,Story,Done,core-banking-squad,2026-07-08T11:45:00Z,2026-07-18T04:04:12Z,,Selenium,,Sprint-1,Sprint-2,
SQ-C-4,Refactor double-entry validation,Story,In Progress,core-banking-squad,2026-07-05T16:30:00Z,,,Selenium,,Sprint-1,,
SQ-C-5,Document statement generation,Story,Done,core-banking-squad,2026-07-04T11:15:00Z,2026-07-17T16:03:00Z,,Swagger,,Sprint-1,Sprint-2,
SQ-C-6,Optimize interest accrual calculation,Story,Done,core-banking-squad,2026-07-02T15:45:00Z,2026-07-09T06:23:24Z,,Manual,,Sprint-1,,
SQ-C-7,Fix interest accrual calculation,Story,In Progress,core-banking-squad,2026-07-04T10:00:00Z,,,Selenium,,Sprint-1,,
SQ-C-8,Fix interest accrual calculation,Story,Done,core-banking-squad,2026-07-03T16:45:00Z,2026-07-16T22:30:36Z,,Selenium,,Sprint-1,Sprint-2,
SQ-C-9,Optimize statement generation,Story,Done,core-banking-squad,2026-07-13T15:30:00Z,2026-07-22T18:37:12Z,,Manual,,Sprint-1,Sprint-2,
SQ-C-10,Investigate statement generation,Story,In Progress,core-banking-squad,2026-07-03T15:45:00Z,,,Manual,,Sprint-1,,
SQ-C-11,Refactor transaction history pagination,Story,Done,core-banking-squad,2026-07-11T11:30:00Z,2026-07-19T04:32:24Z,,Selenium,,Sprint-1,Sprint-2,
SQ-C-12,Improve double-entry validation,Story,Done,core-banking-squad,2026-07-06T16:00:00Z,2026-07-10T12:24:00Z,,Selenium,,Sprint-1,,
SQ-C-13,Add ledger integrity check,Story,Done,core-banking-squad,2026-07-02T14:45:00Z,2026-07-08T08:16:12Z,,Manual,,Sprint-1,,
SQ-C-14,Optimize interest accrual calculation,Story,Done,core-banking-squad,2026-07-07T17:00:00Z,2026-07-15T19:52:48Z,,Selenium,,Sprint-1,Sprint-2,
SQ-C-15,Optimize statement generation,Story,Done,core-banking-squad,2026-07-06T12:45:00Z,2026-07-16T03:52:12Z,,Swagger,,Sprint-1,Sprint-2,
SQ-C-16,Document account balance reconciliation,Story,Done,core-banking-squad,2026-07-12T16:15:00Z,2026-07-16T20:34:12Z,,Selenium,,Sprint-1,Sprint-2,
SQ-C-17,Add interest accrual calculation,Story,Done,core-banking-squad,2026-07-06T14:15:00Z,2026-07-15T22:53:24Z,,Postman,,Sprint-1,Sprint-2,
SQ-E-1,Document interest rate tiering,Story,Done,savings-squad,2026-07-11T08:00:00Z,2026-07-14T10:09:36Z,,Selenium,,Sprint-1,,
SQ-E-2,Optimize account opening flow,Story,Done,savings-squad,2026-07-05T14:30:00Z,2026-07-10T05:08:24Z,,Swagger,,Sprint-1,,
SQ-E-3,Add account opening flow,Story,Done,savings-squad,2026-07-14T14:30:00Z,2026-07-20T08:44:24Z,,Selenium,,Sprint-1,Sprint-2,
SQ-E-4,Refactor savings goal tracking,Story,Done,savings-squad,2026-07-11T09:00:00Z,2026-07-20T23:24:00Z,,Postman,,Sprint-1,Sprint-2,
SQ-E-5,Refactor auto-save rule,Story,Done,savings-squad,2026-07-03T11:15:00Z,2026-07-06T09:19:48Z,,Perfecto Mobile,,Sprint-1,,
SQ-E-6,Fix interest rate tiering,Story,Done,savings-squad,2026-07-05T13:15:00Z,2026-07-15T06:17:24Z,,Selenium,,Sprint-1,Sprint-2,
SQ-E-7,Optimize auto-save rule,Story,Done,savings-squad,2026-07-02T17:00:00Z,2026-07-09T07:38:24Z,,Perfecto Mobile,,Sprint-1,,
SQ-E-8,Fix goal progress notification,Story,Done,savings-squad,2026-07-04T09:15:00Z,2026-07-12T13:34:12Z,,Selenium,,Sprint-1,,
SQ-E-9,Harden savings goal tracking,Story,Done,savings-squad,2026-07-06T16:45:00Z,2026-07-09T05:57:00Z,,Manual,,Sprint-1,,
SQ-E-10,Document savings withdrawal limit,Story,In Progress,savings-squad,2026-07-14T15:00:00Z,,,Selenium,,Sprint-1,,
SQ-E-11,Document auto-save rule,Story,Done,savings-squad,2026-07-07T10:30:00Z,2026-07-16T19:08:24Z,,Manual,,Sprint-1,Sprint-2,
SQ-E-12,Fix account opening flow,Story,Done,savings-squad,2026-07-14T17:30:00Z,2026-07-18T16:32:24Z,,Manual,,Sprint-1,Sprint-2,
SQ-E-13,Harden interest rate tiering,Story,Done,savings-squad,2026-07-04T15:45:00Z,2026-07-10T14:33:00Z,,Manual,,Sprint-1,,
SQ-E-14,Investigate goal progress notification,Story,Done,savings-squad,2026-07-04T13:30:00Z,2026-07-13T14:27:36Z,,Selenium,,Sprint-1,,
SQ-E-15,Refactor savings withdrawal limit,Story,Done,savings-squad,2026-07-09T11:00:00Z,2026-07-14T17:00:00Z,,Manual,,Sprint-1,,
SQ-E-16,Refactor auto-save rule,Story,Done,savings-squad,2026-07-11T15:45:00Z,2026-07-14T09:30:36Z,,Perfecto Mobile,,Sprint-1,,
SQ-E-17,Optimize savings withdrawal limit,Story,Done,savings-squad,2026-07-04T12:30:00Z,2026-07-10T18:30:00Z,,Manual,,Sprint-1,,
SQ-E-18,Fix savings withdrawal limit,Story,Done,savings-squad,2026-07-06T13:45:00Z,2026-07-10T13:59:24Z,,Selenium,,Sprint-1,,
SQ-E-19,Investigate savings withdrawal limit,Story,Done,savings-squad,2026-07-06T09:15:00Z,2026-07-14T07:05:24Z,,Postman,,Sprint-1,,
SQ-A-21,Harden token refresh,Story,Done,auth-squad,2026-07-24T12:00:00Z,2026-07-28T20:52:48Z,,Selenium,,Sprint-2,,
SQ-A-22,Investigate password reset flow,Story,In Progress,auth-squad,2026-07-15T16:15:00Z,,,Selenium,,Sprint-2,,
SQ-A-23,Document credential rotation,Story,Done,auth-squad,2026-07-25T15:00:00Z,2026-08-01T05:09:36Z,,Manual,,Sprint-2,Sprint-3,
SQ-A-24,Fix session handling,Story,Done,auth-squad,2026-07-20T10:00:00Z,2026-07-29T07:21:36Z,,Manual,,Sprint-2,Sprint-3,
SQ-A-25,Investigate session handling,Story,Done,auth-squad,2026-07-22T09:00:00Z,2026-07-30T20:45:36Z,,Selenium,,Sprint-2,Sprint-3,
SQ-A-26,Refactor login rate limiting,Story,Done,auth-squad,2026-07-16T16:45:00Z,2026-07-25T00:40:12Z,,Selenium,,Sprint-2,,
SQ-A-27,Investigate login rate limiting,Story,Done,auth-squad,2026-07-22T15:30:00Z,2026-08-01T13:34:48Z,,Postman,,Sprint-2,Sprint-3,
SQ-A-28,Refactor MFA enrollment,Story,Done,auth-squad,2026-07-15T17:00:00Z,2026-07-19T08:50:24Z,,Postman,,Sprint-2,,
SQ-A-29,Add credential rotation,Story,Done,auth-squad,2026-07-16T10:15:00Z,2026-07-19T00:39:00Z,,Manual,,Sprint-2,,
SQ-A-30,Investigate password reset flow,Story,Done,auth-squad,2026-07-26T17:45:00Z,2026-07-30T14:09:00Z,,Manual,,Sprint-2,Sprint-3,
SQ-A-31,Refactor credential rotation,Story,Done,auth-squad,2026-07-16T11:30:00Z,2026-07-23T11:30:00Z,,Selenium,,Sprint-2,,
SQ-A-32,Fix session handling,Story,In Progress,auth-squad,2026-07-23T11:15:00Z,,,Selenium,,Sprint-2,,
SQ-A-33,Investigate password reset flow,Story,Done,auth-squad,2026-07-27T12:30:00Z,2026-08-02T06:30:00Z,,Manual,,Sprint-2,Sprint-3,
SQ-A-34,Optimize password reset flow,Story,Done,auth-squad,2026-07-19T16:45:00Z,2026-07-26T11:28:12Z,,Selenium,,Sprint-2,,
SQ-A-35,Add password reset flow,Story,Done,auth-squad,2026-07-24T12:00:00Z,2026-08-03T04:48:00Z,,Selenium,,Sprint-2,Sprint-3,
SQ-A-36,Investigate token refresh,Story,Done,auth-squad,2026-07-24T08:15:00Z,2026-07-31T13:17:24Z,,Manual,,Sprint-2,Sprint-3,
SQ-A-37,Harden password reset flow,Story,Done,auth-squad,2026-07-21T15:00:00Z,2026-07-26T21:28:48Z,,Selenium,,Sprint-2,,
SQ-A-38,Optimize login rate limiting,Story,Done,auth-squad,2026-07-28T10:30:00Z,2026-08-03T09:32:24Z,,Selenium,,Sprint-2,Sprint-3,
SQ-A-39,Optimize login rate limiting,Story,Done,auth-squad,2026-07-22T09:30:00Z,2026-07-25T07:49:12Z,,Selenium,,Sprint-2,,
SQ-B-17,Harden guest checkout,Story,Done,checkout-squad,2026-07-28T16:45:00Z,2026-08-01T04:45:00Z,,Swagger,,Sprint-2,Sprint-3,
SQ-B-18,Investigate order summary,Story,Done,checkout-squad,2026-07-22T15:00:00Z,2026-07-29T00:21:36Z,,Perfecto Mobile,,Sprint-2,Sprint-3,
SQ-B-19,Refactor cart abandonment email,Story,Done,checkout-squad,2026-07-22T09:00:00Z,2026-07-29T05:52:48Z,,Selenium,,Sprint-2,Sprint-3,
SQ-B-20,Fix order summary,Story,Done,checkout-squad,2026-07-19T16:00:00Z,2026-07-22T10:00:00Z,,Selenium,,Sprint-2,,
SQ-B-21,Investigate order summary,Story,Done,checkout-squad,2026-07-25T10:45:00Z,2026-07-29T18:40:12Z,,Manual,,Sprint-2,Sprint-3,
SQ-B-22,Improve cart persistence,Story,Done,checkout-squad,2026-07-22T11:45:00Z,2026-07-27T13:25:48Z,,Selenium,,Sprint-2,,
SQ-B-23,Add discount code,Story,In Progress,checkout-squad,2026-07-27T14:30:00Z,,,Perfecto Mobile,,Sprint-2,,
SQ-B-24,Document discount code,Story,Done,checkout-squad,2026-07-19T17:45:00Z,2026-07-25T07:25:48Z,,Selenium,,Sprint-2,,
SQ-B-25,Refactor cart abandonment email,Story,Done,checkout-squad,2026-07-23T16:45:00Z,2026-07-28T06:25:48Z,,Selenium,,Sprint-2,,
SQ-B-26,Harden cart abandonment email,Story,In Progress,checkout-squad,2026-07-24T14:15:00Z,,,Manual,,Sprint-2,,
SQ-B-27,Improve order summary,Story,Done,checkout-squad,2026-07-26T14:45:00Z,2026-08-03T22:54:36Z,,Selenium,,Sprint-2,Sprint-3,
SQ-B-28,Document cart persistence,Story,Done,checkout-squad,2026-07-17T16:30:00Z,2026-07-26T16:15:36Z,,Manual,,Sprint-2,,
SQ-B-29,Improve cart persistence,Story,In Progress,checkout-squad,2026-07-22T08:15:00Z,,,Manual,,Sprint-2,,
SQ-B-30,Fix discount code,Story,Done,checkout-squad,2026-07-27T12:30:00Z,2026-08-01T16:49:12Z,,Perfecto Mobile,,Sprint-2,Sprint-3,
SQ-B-31,Document guest checkout,Story,Done,checkout-squad,2026-07-28T16:45:00Z,2026-08-04T16:59:24Z,,Selenium,,Sprint-2,Sprint-3,
SQ-B-32,Refactor cart abandonment email,Story,Done,checkout-squad,2026-07-24T09:15:00Z,2026-08-02T18:07:48Z,,Selenium,,Sprint-2,Sprint-3,
SQ-B-33,Add cart persistence,Story,Done,checkout-squad,2026-07-21T09:00:00Z,2026-07-28T22:12:00Z,,Selenium,,Sprint-2,,
SQ-B-34,Refactor guest checkout,Story,Done,checkout-squad,2026-07-27T08:30:00Z,2026-08-01T19:18:00Z,,Manual,,Sprint-2,Sprint-3,
SQ-B-35,Optimize guest checkout,Story,Done,checkout-squad,2026-07-24T10:15:00Z,2026-07-31T07:22:12Z,,Perfecto Mobile,,Sprint-2,Sprint-3,
SQ-B-36,Document discount code,Story,Done,checkout-squad,2026-07-18T15:15:00Z,2026-07-25T17:39:00Z,,Perfecto Mobile,,Sprint-2,,
SQ-D-21,Document fraud rule tuning,Story,Done,payments-squad,2026-07-27T15:30:00Z,2026-07-30T21:44:24Z,,Postman,,Sprint-2,Sprint-3,
SQ-D-22,Optimize settlement batch,Story,Done,payments-squad,2026-07-19T14:30:00Z,2026-07-24T00:34:48Z,,Selenium,,Sprint-2,,
SQ-D-23,Investigate card tokenization,Story,Done,payments-squad,2026-07-18T14:30:00Z,2026-07-28T13:03:36Z,,Postman,,Sprint-2,,
SQ-D-24,Add refund workflow,Story,Done,payments-squad,2026-07-21T12:00:00Z,2026-07-28T23:45:36Z,,Swagger,,Sprint-2,,
SQ-D-25,Refactor refund workflow,Story,Done,payments-squad,2026-07-22T12:15:00Z,2026-07-27T07:55:48Z,,Selenium,,Sprint-2,,
SQ-D-26,Investigate settlement batch,Story,Done,payments-squad,2026-07-25T10:00:00Z,2026-08-01T14:04:48Z,,Selenium,,Sprint-2,Sprint-3,
SQ-D-27,Optimize wallet linking,Story,Done,payments-squad,2026-07-24T13:15:00Z,2026-07-28T21:53:24Z,,Selenium,,Sprint-2,,
SQ-D-28,Improve fraud rule tuning,Story,Done,payments-squad,2026-07-17T16:30:00Z,2026-07-26T23:56:24Z,,Manual,,Sprint-2,,
SQ-D-29,Fix wallet linking,Story,Done,payments-squad,2026-07-27T12:30:00Z,2026-08-02T06:30:00Z,,Swagger,,Sprint-2,Sprint-3,
SQ-D-30,Investigate refund workflow,Story,Done,payments-squad,2026-07-18T14:30:00Z,2026-07-23T18:20:24Z,,Selenium,,Sprint-2,,
SQ-D-31,Harden card tokenization,Story,Done,payments-squad,2026-07-22T13:30:00Z,2026-07-31T03:25:12Z,,Perfecto Mobile,,Sprint-2,Sprint-3,
SQ-D-32,Harden refund workflow,Story,Done,payments-squad,2026-07-18T15:00:00Z,2026-07-28T04:12:00Z,,Selenium,,Sprint-2,,
SQ-D-33,Optimize card tokenization,Story,Done,payments-squad,2026-07-25T09:45:00Z,2026-07-29T19:49:48Z,,Selenium,,Sprint-2,Sprint-3,
SQ-D-34,Refactor refund workflow,Story,Done,payments-squad,2026-07-15T08:30:00Z,2026-07-18T06:49:12Z,,Selenium,,Sprint-2,,
SQ-D-35,Optimize refund workflow,Story,Done,payments-squad,2026-07-21T15:30:00Z,2026-07-29T14:18:00Z,,Swagger,,Sprint-2,Sprint-3,
SQ-C-18,Investigate account balance reconciliation,Story,Done,core-banking-squad,2026-07-17T14:00:00Z,2026-07-24T12:19:12Z,,Perfecto Mobile,,Sprint-2,,
SQ-C-19,Harden account balance reconciliation,Story,Done,core-banking-squad,2026-07-20T11:45:00Z,2026-07-24T09:06:36Z,,Perfecto Mobile,,Sprint-2,,
SQ-C-20,Fix interest accrual calculation,Story,Done,core-banking-squad,2026-07-20T16:30:00Z,2026-08-03T04:01:12Z,,Selenium,,Sprint-2,Sprint-3,
SQ-C-21,Improve statement generation,Story,Done,core-banking-squad,2026-07-25T11:00:00Z,2026-08-08T11:00:00Z,,Selenium,,Sprint-2,Sprint-3,
SQ-C-22,Refactor transaction history pagination,Story,Done,core-banking-squad,2026-07-16T16:15:00Z,2026-07-25T04:15:00Z,,Swagger,,Sprint-2,,
SQ-C-23,Improve statement generation,Story,Done,core-banking-squad,2026-07-17T17:00:00Z,2026-07-27T13:52:48Z,,Selenium,,Sprint-2,,
SQ-C-24,Add transaction history pagination,Story,Done,core-banking-squad,2026-07-27T10:00:00Z,2026-07-29T15:02:24Z,,Selenium,,Sprint-2,Sprint-3,
SQ-C-25,Optimize statement generation,Story,Done,core-banking-squad,2026-07-24T13:00:00Z,2026-07-26T23:04:48Z,,Selenium,,Sprint-2,,
SQ-C-26,Fix interest accrual calculation,Story,Done,core-banking-squad,2026-07-26T09:45:00Z,2026-07-31T07:21:00Z,,Manual,,Sprint-2,Sprint-3,
SQ-C-27,Investigate interest accrual calculation,Story,Done,core-banking-squad,2026-07-18T17:00:00Z,2026-07-27T23:28:48Z,,Postman,,Sprint-2,,
SQ-C-28,Fix interest accrual calculation,Story,Done,core-banking-squad,2026-07-15T08:45:00Z,2026-07-20T18:35:24Z,,Perfecto Mobile,,Sprint-2,,
SQ-C-29,Improve transaction history pagination,Story,Done,core-banking-squad,2026-07-22T09:00:00Z,2026-07-25T13:33:36Z,,Postman,,Sprint-2,,
SQ-C-30,Investigate interest accrual calculation,Story,Done,core-banking-squad,2026-07-25T17:30:00Z,2026-08-01T12:13:12Z,,Manual,,Sprint-2,Sprint-3,
SQ-C-31,Refactor interest accrual calculation,Story,Done,core-banking-squad,2026-07-24T14:00:00Z,2026-07-27T12:04:48Z,,Manual,,Sprint-2,,
SQ-C-32,Fix transaction history pagination,Story,Done,core-banking-squad,2026-07-18T14:30:00Z,2026-07-23T19:03:36Z,,Manual,,Sprint-2,,
SQ-C-33,Document account balance reconciliation,Story,Done,core-banking-squad,2026-07-20T12:30:00Z,2026-07-28T00:15:36Z,,Selenium,,Sprint-2,,
SQ-C-34,Harden ledger integrity check,Story,In Progress,core-banking-squad,2026-07-28T09:00:00Z,,,Manual,,Sprint-2,,
SQ-C-35,Optimize double-entry validation,Story,Done,core-banking-squad,2026-07-15T17:30:00Z,2026-07-21T00:27:36Z,,Selenium,,Sprint-2,,
SQ-C-36,Refactor ledger integrity check,Story,Done,core-banking-squad,2026-07-19T17:30:00Z,2026-07-26T08:22:48Z,,Postman,,Sprint-2,,
SQ-C-37,Fix transaction history pagination,Story,Done,core-banking-squad,2026-07-22T11:00:00Z,2026-07-28T21:48:00Z,,Manual,,Sprint-2,,
SQ-E-20,Investigate savings goal tracking,Story,Done,savings-squad,2026-07-27T14:00:00Z,2026-08-03T20:14:24Z,,Selenium,,Sprint-2,Sprint-3,
SQ-E-21,Improve goal progress notification,Story,Done,savings-squad,2026-07-19T12:30:00Z,2026-07-22T23:18:00Z,,Postman,,Sprint-2,,
SQ-E-22,Fix savings withdrawal limit,Story,Done,savings-squad,2026-07-21T09:15:00Z,2026-07-31T03:43:48Z,,Manual,,Sprint-2,Sprint-3,
SQ-E-23,Investigate savings withdrawal limit,Story,Done,savings-squad,2026-07-18T14:45:00Z,2026-07-21T20:59:24Z,,Selenium,,Sprint-2,,
SQ-E-24,Add savings withdrawal limit,Story,Done,savings-squad,2026-07-27T17:00:00Z,2026-07-30T22:45:36Z,,Selenium,,Sprint-2,Sprint-3,
SQ-E-25,Investigate interest rate tiering,Story,Done,savings-squad,2026-07-19T15:45:00Z,2026-07-25T04:42:36Z,,Swagger,,Sprint-2,,
SQ-E-26,Document goal progress notification,Story,Done,savings-squad,2026-07-23T09:30:00Z,2026-07-27T15:58:48Z,,Perfecto Mobile,,Sprint-2,,
SQ-E-27,Add interest rate tiering,Story,Done,savings-squad,2026-07-19T08:15:00Z,2026-07-26T03:12:36Z,,Selenium,,Sprint-2,,
SQ-E-28,Document savings withdrawal limit,Story,Done,savings-squad,2026-07-18T10:30:00Z,2026-07-21T09:32:24Z,,Manual,,Sprint-2,,
SQ-E-29,Harden savings goal tracking,Story,Done,savings-squad,2026-07-17T10:45:00Z,2026-07-21T06:54:36Z,,Manual,,Sprint-2,,
SQ-E-30,Harden goal progress notification,Story,Done,savings-squad,2026-07-28T08:45:00Z,2026-08-16T15:42:36Z,,Manual,,Sprint-2,Sprint-3,Sprint-4
SQ-E-31,Harden interest rate tiering,Story,Done,savings-squad,2026-07-24T14:45:00Z,2026-07-29T20:30:36Z,,Postman,,Sprint-2,Sprint-3,
SQ-E-32,Optimize goal progress notification,Story,Done,savings-squad,2026-07-22T13:00:00Z,2026-07-25T09:24:00Z,,Manual,,Sprint-2,,
SQ-E-33,Refactor account opening flow,Story,Done,savings-squad,2026-07-23T09:45:00Z,2026-07-31T09:01:48Z,,Swagger,,Sprint-2,Sprint-3,
SQ-E-34,Harden account opening flow,Story,Done,savings-squad,2026-07-17T09:00:00Z,2026-07-20T22:12:00Z,,Perfecto Mobile,,Sprint-2,,
SQ-E-35,Improve goal progress notification,Story,Done,savings-squad,2026-07-28T10:15:00Z,2026-08-01T11:27:00Z,,Selenium,,Sprint-2,Sprint-3,
SQ-A-40,Document password reset flow,Story,Done,auth-squad,2026-07-30T10:45:00Z,2026-08-05T22:59:24Z,,Manual,,Sprint-3,,
SQ-A-41,Improve credential rotation,Story,Done,auth-squad,2026-08-08T17:30:00Z,2026-08-15T17:58:48Z,,Selenium,,Sprint-3,Sprint-4,
SQ-A-42,Harden login rate limiting,Story,Done,auth-squad,2026-08-05T15:30:00Z,2026-08-12T09:01:12Z,,Selenium,,Sprint-3,Sprint-4,
SQ-A-43,Investigate session handling,Story,In Progress,auth-squad,2026-08-02T15:45:00Z,,,Postman,,Sprint-3,,
SQ-A-44,Add credential rotation,Story,Done,auth-squad,2026-08-11T09:45:00Z,2026-08-17T20:04:12Z,,Manual,,Sprint-3,Sprint-4,
SQ-A-45,Add credential rotation,Story,Done,auth-squad,2026-08-08T11:30:00Z,2026-08-14T11:44:24Z,,Selenium,,Sprint-3,Sprint-4,
SQ-A-46,Refactor password reset flow,Story,Done,auth-squad,2026-08-10T13:00:00Z,2026-08-13T22:07:12Z,,Manual,,Sprint-3,Sprint-4,
SQ-A-47,Optimize credential rotation,Story,Done,auth-squad,2026-08-05T16:15:00Z,2026-08-15T00:24:36Z,,Swagger,,Sprint-3,Sprint-4,
SQ-A-48,Fix MFA enrollment,Story,In Progress,auth-squad,2026-08-03T17:00:00Z,,,Selenium,,Sprint-3,,
SQ-A-49,Improve MFA enrollment,Story,Done,auth-squad,2026-08-06T14:30:00Z,2026-08-15T09:56:24Z,,Selenium,,Sprint-3,Sprint-4,
SQ-A-50,Optimize token refresh,Story,Done,auth-squad,2026-08-07T10:30:00Z,2026-08-14T16:30:00Z,,Postman,,Sprint-3,Sprint-4,
SQ-A-51,Harden token refresh,Story,Done,auth-squad,2026-08-09T09:30:00Z,2026-08-16T13:06:00Z,,Perfecto Mobile,,Sprint-3,Sprint-4,
SQ-A-52,Harden session handling,Story,Done,auth-squad,2026-08-09T16:00:00Z,2026-08-15T01:21:36Z,,Selenium,,Sprint-3,Sprint-4,
SQ-A-53,Refactor token refresh,Story,Done,auth-squad,2026-08-02T10:15:00Z,2026-08-10T13:22:12Z,,Selenium,,Sprint-3,,
SQ-A-54,Add password reset flow,Story,Done,auth-squad,2026-07-31T09:30:00Z,2026-08-03T04:56:24Z,,Selenium,,Sprint-3,,
SQ-A-55,Improve password reset flow,Story,Done,auth-squad,2026-08-10T17:15:00Z,2026-08-13T22:46:12Z,,Swagger,,Sprint-3,Sprint-4,
SQ-A-56,Refactor credential rotation,Story,Done,auth-squad,2026-08-07T10:45:00Z,2026-08-21T17:28:12Z,,Postman,,Sprint-3,Sprint-4,
SQ-A-57,Document token refresh,Story,Done,auth-squad,2026-08-02T15:15:00Z,2026-08-07T02:46:12Z,,Selenium,,Sprint-3,,
SQ-A-58,Optimize login rate limiting,Story,Done,auth-squad,2026-08-08T17:45:00Z,2026-08-12T23:45:00Z,,Manual,,Sprint-3,Sprint-4,
SQ-A-59,Investigate session handling,Story,Done,auth-squad,2026-08-04T10:15:00Z,2026-08-07T12:53:24Z,,Postman,,Sprint-3,,
SQ-B-37,Fix discount code,Story,Done,checkout-squad,2026-08-11T13:00:00Z,2026-08-17T16:07:12Z,,Selenium,,Sprint-3,Sprint-4,
SQ-B-38,Optimize cart persistence,Story,Done,checkout-squad,2026-08-10T10:30:00Z,2026-08-16T13:08:24Z,,Selenium,,Sprint-3,Sprint-4,
SQ-B-39,Optimize guest checkout,Story,Done,checkout-squad,2026-08-11T15:30:00Z,2026-08-16T23:10:48Z,,Selenium,,Sprint-3,Sprint-4,
SQ-B-40,Fix cart abandonment email,Story,Done,checkout-squad,2026-08-01T14:00:00Z,2026-08-03T19:31:12Z,,Postman,,Sprint-3,,
SQ-B-41,Document cart abandonment email,Story,Done,checkout-squad,2026-08-03T10:15:00Z,2026-08-22T16:29:24Z,,Selenium,,Sprint-3,Sprint-4,
SQ-B-42,Add discount code,Story,Done,checkout-squad,2026-08-10T15:45:00Z,2026-08-19T21:45:00Z,,Selenium,,Sprint-3,Sprint-4,
SQ-B-43,Investigate cart persistence,Story,Done,checkout-squad,2026-08-11T10:45:00Z,2026-08-15T17:57:00Z,,Selenium,,Sprint-3,Sprint-4,
SQ-B-44,Document guest checkout,Story,Done,checkout-squad,2026-08-01T14:45:00Z,2026-08-20T03:28:12Z,,Manual,,Sprint-3,Sprint-4,
SQ-B-45,Add guest checkout,Story,Done,checkout-squad,2026-07-29T16:15:00Z,2026-08-03T00:10:12Z,,Selenium,,Sprint-3,,
SQ-B-46,Harden cart persistence,Story,Done,checkout-squad,2026-08-01T17:45:00Z,2026-08-09T02:09:00Z,,Manual,,Sprint-3,,
SQ-B-47,Optimize discount code,Story,In Progress,checkout-squad,2026-08-06T16:00:00Z,,,Selenium,,Sprint-3,,
SQ-B-48,Fix guest checkout,Story,Done,checkout-squad,2026-08-09T08:30:00Z,2026-08-14T02:44:24Z,,Perfecto Mobile,,Sprint-3,Sprint-4,
SQ-B-49,Improve cart abandonment email,Story,Done,checkout-squad,2026-08-10T13:15:00Z,2026-08-26T11:05:24Z,,Manual,,Sprint-3,Sprint-4,Sprint-5
SQ-B-50,Document cart persistence,Story,Done,checkout-squad,2026-08-09T15:15:00Z,2026-08-12T03:15:00Z,,Selenium,,Sprint-3,Sprint-4,
SQ-B-51,Investigate guest checkout,Story,Done,checkout-squad,2026-08-01T08:15:00Z,2026-08-05T20:43:48Z,,Manual,,Sprint-3,,
SQ-B-52,Refactor discount code,Story,Done,checkout-squad,2026-08-11T16:45:00Z,2026-08-19T17:28:12Z,,Selenium,,Sprint-3,Sprint-4,
SQ-B-53,Optimize order summary,Story,Done,checkout-squad,2026-08-11T08:30:00Z,2026-08-19T17:51:36Z,,Swagger,,Sprint-3,Sprint-4,
SQ-B-54,Document discount code,Story,Done,checkout-squad,2026-08-05T14:30:00Z,2026-08-11T13:46:48Z,,Manual,,Sprint-3,,
SQ-D-36,Improve refund workflow,Story,Done,payments-squad,2026-08-10T09:45:00Z,2026-08-26T19:49:48Z,,Selenium,,Sprint-3,Sprint-4,Sprint-5
SQ-D-37,Document refund workflow,Story,Done,payments-squad,2026-08-03T09:00:00Z,2026-08-07T17:52:48Z,,Perfecto Mobile,,Sprint-3,,
SQ-D-38,Harden refund workflow,Story,Done,payments-squad,2026-08-04T10:45:00Z,2026-08-06T18:54:36Z,,Manual,,Sprint-3,,
SQ-D-39,Improve card tokenization,Story,Done,payments-squad,2026-08-02T08:00:00Z,2026-08-07T14:00:00Z,,Selenium,,Sprint-3,,
SQ-D-40,Harden fraud rule tuning,Story,Done,payments-squad,2026-08-11T17:45:00Z,2026-08-23T08:23:24Z,,Selenium,,Sprint-3,Sprint-4,
SQ-D-41,Harden settlement batch,Story,Done,payments-squad,2026-08-07T08:15:00Z,2026-08-16T22:24:36Z,,Swagger,,Sprint-3,Sprint-4,
SQ-D-42,Investigate wallet linking,Story,Done,payments-squad,2026-07-30T17:15:00Z,2026-08-04T21:34:12Z,,Selenium,,Sprint-3,,
SQ-D-43,Fix fraud rule tuning,Story,Done,payments-squad,2026-07-29T10:45:00Z,2026-08-07T18:11:24Z,,Swagger,,Sprint-3,,
SQ-D-44,Document wallet linking,Story,Done,payments-squad,2026-08-02T15:15:00Z,2026-08-06T21:58:12Z,,Selenium,,Sprint-3,,
SQ-D-45,Fix payment retry logic,Story,Done,payments-squad,2026-07-31T09:45:00Z,2026-08-08T02:47:24Z,,Selenium,,Sprint-3,,
SQ-D-46,Investigate wallet linking,Story,Done,payments-squad,2026-08-08T13:00:00Z,2026-08-12T20:40:48Z,,Perfecto Mobile,,Sprint-3,Sprint-4,
SQ-D-47,Refactor wallet linking,Story,Done,payments-squad,2026-08-09T10:30:00Z,2026-08-12T09:46:48Z,,Selenium,,Sprint-3,Sprint-4,
SQ-D-48,Document refund workflow,Story,Done,payments-squad,2026-08-10T15:00:00Z,2026-08-17T04:55:12Z,,Selenium,,Sprint-3,Sprint-4,
SQ-D-49,Document refund workflow,Story,Done,payments-squad,2026-08-07T09:00:00Z,2026-08-17T09:00:00Z,,Manual,,Sprint-3,Sprint-4,
SQ-D-50,Fix settlement batch,Story,Done,payments-squad,2026-08-10T14:00:00Z,2026-08-15T02:57:36Z,,Manual,,Sprint-3,Sprint-4,
SQ-D-51,Improve wallet linking,Story,Done,payments-squad,2026-08-08T16:30:00Z,2026-08-17T07:37:12Z,,Manual,,Sprint-3,Sprint-4,
SQ-D-52,Improve fraud rule tuning,Story,Done,payments-squad,2026-08-06T08:00:00Z,2026-08-10T18:19:12Z,,Perfecto Mobile,,Sprint-3,,
SQ-C-38,Investigate ledger integrity check,Story,Done,core-banking-squad,2026-08-03T16:30:00Z,2026-08-07T16:30:00Z,,Postman,,Sprint-3,,
SQ-C-39,Improve ledger integrity check,Story,Done,core-banking-squad,2026-08-02T17:00:00Z,2026-08-06T01:24:00Z,,Postman,,Sprint-3,,
SQ-C-40,Add account balance reconciliation,Story,Done,core-banking-squad,2026-08-07T17:30:00Z,2026-08-14T05:44:24Z,,Selenium,,Sprint-3,Sprint-4,
SQ-C-41,Optimize statement generation,Story,Done,core-banking-squad,2026-08-08T17:30:00Z,2026-08-16T20:51:36Z,,Postman,,Sprint-3,Sprint-4,
SQ-C-42,Refactor double-entry validation,Story,Done,core-banking-squad,2026-07-29T15:30:00Z,2026-08-03T01:34:48Z,,Manual,,Sprint-3,,
SQ-C-43,Optimize interest accrual calculation,Story,Done,core-banking-squad,2026-08-02T15:00:00Z,2026-08-05T21:14:24Z,,Manual,,Sprint-3,,
SQ-C-44,Harden interest accrual calculation,Story,Done,core-banking-squad,2026-08-01T13:15:00Z,2026-08-09T07:15:00Z,,Selenium,,Sprint-3,,
SQ-C-45,Investigate interest accrual calculation,Story,Done,core-banking-squad,2026-08-10T13:00:00Z,2026-08-16T06:31:12Z,,Selenium,,Sprint-3,Sprint-4,
SQ-C-46,Optimize ledger integrity check,Story,Done,core-banking-squad,2026-07-31T09:00:00Z,2026-08-05T10:40:48Z,,Selenium,,Sprint-3,,
SQ-C-47,Document interest accrual calculation,Story,Done,core-banking-squad,2026-08-11T13:30:00Z,2026-08-14T19:58:48Z,,Selenium,,Sprint-3,Sprint-4,
SQ-C-48,Refactor ledger integrity check,Story,Done,core-banking-squad,2026-08-05T08:00:00Z,2026-08-11T08:57:36Z,,Manual,,Sprint-3,,
SQ-C-49,Document transaction history pagination,Story,Done,core-banking-squad,2026-08-03T08:00:00Z,2026-08-10T02:43:12Z,,Manual,,Sprint-3,,
SQ-C-50,Harden interest accrual calculation,Story,Done,core-banking-squad,2026-07-29T09:45:00Z,2026-08-02T12:37:48Z,,Selenium,,Sprint-3,,
SQ-C-51,Investigate account balance reconciliation,Story,Done,core-banking-squad,2026-07-29T14:00:00Z,2026-08-02T03:26:24Z,,Selenium,,Sprint-3,,
SQ-C-52,Fix ledger integrity check,Story,In Progress,core-banking-squad,2026-08-06T15:30:00Z,,,Selenium,,Sprint-3,,
SQ-C-53,Improve ledger integrity check,Story,Done,core-banking-squad,2026-08-04T13:30:00Z,2026-08-09T11:34:48Z,,Postman,,Sprint-3,,
SQ-E-36,Harden auto-save rule,Story,Done,savings-squad,2026-08-04T16:00:00Z,2026-08-16T21:31:12Z,,Manual,,Sprint-3,Sprint-4,
SQ-E-37,Improve auto-save rule,Story,Done,savings-squad,2026-08-05T10:15:00Z,2026-08-12T07:51:00Z,,Postman,,Sprint-3,Sprint-4,
SQ-E-38,Document savings withdrawal limit,Story,In Progress,savings-squad,2026-08-09T12:30:00Z,,,Manual,,Sprint-3,,
SQ-E-39,Optimize goal progress notification,Story,Done,savings-squad,2026-08-02T15:00:00Z,2026-08-10T00:21:36Z,,Selenium,,Sprint-3,,
SQ-E-40,Refactor savings withdrawal limit,Story,Done,savings-squad,2026-08-10T08:45:00Z,2026-08-17T14:30:36Z,,Selenium,,Sprint-3,Sprint-4,
SQ-E-41,Optimize interest rate tiering,Story,Done,savings-squad,2026-08-07T15:15:00Z,2026-08-15T09:43:48Z,,Perfecto Mobile,,Sprint-3,Sprint-4,
SQ-E-42,Optimize interest rate tiering,Story,Done,savings-squad,2026-08-01T08:00:00Z,2026-08-06T20:43:12Z,,Manual,,Sprint-3,,
SQ-E-43,Document savings withdrawal limit,Story,Done,savings-squad,2026-08-09T11:45:00Z,2026-08-16T09:06:36Z,,Perfecto Mobile,,Sprint-3,Sprint-4,
SQ-E-44,Document goal progress notification,Story,Done,savings-squad,2026-07-29T10:15:00Z,2026-08-08T09:46:12Z,,Selenium,,Sprint-3,,
SQ-E-45,Harden savings withdrawal limit,Story,Done,savings-squad,2026-08-03T10:45:00Z,2026-08-08T04:30:36Z,,Swagger,,Sprint-3,,
SQ-E-46,Investigate interest rate tiering,Story,Done,savings-squad,2026-08-11T12:45:00Z,2026-08-15T12:01:48Z,,Selenium,,Sprint-3,Sprint-4,
SQ-E-47,Document account opening flow,Story,Done,savings-squad,2026-08-10T12:15:00Z,2026-08-16T10:05:24Z,,Manual,,Sprint-3,Sprint-4,
SQ-E-48,Optimize auto-save rule,Story,Done,savings-squad,2026-08-10T12:30:00Z,2026-08-17T22:20:24Z,,Selenium,,Sprint-3,Sprint-4,
SQ-E-49,Fix account opening flow,Story,Done,savings-squad,2026-08-10T10:30:00Z,2026-08-30T00:54:00Z,,Manual,,Sprint-3,Sprint-4,Sprint-5
SQ-E-50,Investigate goal progress notification,Story,Done,savings-squad,2026-08-08T12:45:00Z,2026-08-17T03:37:48Z,,Perfecto Mobile,,Sprint-3,Sprint-4,
SQ-E-51,Refactor savings goal tracking,Story,Done,savings-squad,2026-08-02T10:00:00Z,2026-08-09T02:33:36Z,,Perfecto Mobile,,Sprint-3,,
SQ-E-52,Document savings goal tracking,Story,Done,savings-squad,2026-08-06T11:15:00Z,2026-08-21T04:31:48Z,,Perfecto Mobile,,Sprint-3,Sprint-4,
SQ-E-53,Improve auto-save rule,Story,Done,savings-squad,2026-08-10T10:00:00Z,2026-08-20T05:40:48Z,,Postman,,Sprint-3,Sprint-4,
SQ-E-54,Investigate savings withdrawal limit,Story,Done,savings-squad,2026-08-05T15:15:00Z,2026-08-09T22:27:00Z,,Selenium,,Sprint-3,,
SQ-A-60,Add token refresh,Story,Done,auth-squad,2026-08-22T17:15:00Z,2026-08-30T11:58:12Z,,Manual,,Sprint-4,Sprint-5,
SQ-A-61,Document token refresh,Story,Done,auth-squad,2026-08-25T10:00:00Z,2026-08-30T14:19:12Z,,Swagger,,Sprint-4,Sprint-5,
SQ-A-62,Fix MFA enrollment,Story,Done,auth-squad,2026-08-25T12:00:00Z,2026-09-10T14:38:24Z,,Selenium,,Sprint-4,Sprint-5,Sprint-6
SQ-A-63,Document MFA enrollment,Story,Done,auth-squad,2026-08-19T16:45:00Z,2026-08-22T18:25:48Z,,Selenium,,Sprint-4,,
SQ-A-64,Investigate password reset flow,Story,Done,auth-squad,2026-08-24T09:30:00Z,2026-08-30T01:34:48Z,,Selenium,,Sprint-4,Sprint-5,
SQ-A-65,Improve login rate limiting,Story,Done,auth-squad,2026-08-12T13:30:00Z,2026-08-20T14:56:24Z,,Postman,,Sprint-4,,
SQ-A-66,Improve token refresh,Story,In Progress,auth-squad,2026-08-18T14:30:00Z,,,Manual,,Sprint-4,,
SQ-A-67,Investigate MFA enrollment,Story,Done,auth-squad,2026-08-17T11:00:00Z,2026-08-21T08:07:12Z,,Selenium,,Sprint-4,,
SQ-A-68,Refactor session handling,Story,Done,auth-squad,2026-08-21T17:00:00Z,2026-08-26T14:07:12Z,,Perfecto Mobile,,Sprint-4,Sprint-5,
SQ-A-69,Investigate password reset flow,Story,In Progress,auth-squad,2026-08-13T15:30:00Z,,,Selenium,,Sprint-4,,
SQ-A-70,Improve credential rotation,Story,Done,auth-squad,2026-08-22T12:30:00Z,2026-08-26T06:30:00Z,,Selenium,,Sprint-4,Sprint-5,
SQ-A-71,Document login rate limiting,Story,Done,auth-squad,2026-08-19T17:30:00Z,2026-08-26T02:51:36Z,,Perfecto Mobile,,Sprint-4,Sprint-5,
SQ-A-72,Fix login rate limiting,Story,Done,auth-squad,2026-08-25T11:15:00Z,2026-09-01T05:43:48Z,,Manual,,Sprint-4,Sprint-5,
SQ-A-73,Refactor login rate limiting,Story,Done,auth-squad,2026-08-20T13:00:00Z,2026-08-23T10:36:00Z,,Manual,,Sprint-4,,
SQ-A-74,Refactor password reset flow,Story,Done,auth-squad,2026-08-14T10:30:00Z,2026-08-19T23:13:12Z,,Manual,,Sprint-4,,
SQ-B-55,Optimize order summary,Story,Done,checkout-squad,2026-08-13T16:45:00Z,2026-08-19T07:52:12Z,,Manual,,Sprint-4,,
SQ-B-56,Add order summary,Story,Done,checkout-squad,2026-08-12T16:45:00Z,2026-08-17T04:01:48Z,,Selenium,,Sprint-4,,
SQ-B-57,Harden cart abandonment email,Story,Done,checkout-squad,2026-08-25T08:15:00Z,2026-08-27T16:53:24Z,,Selenium,,Sprint-4,Sprint-5,
SQ-B-58,Investigate order summary,Story,Done,checkout-squad,2026-08-20T08:00:00Z,2026-08-26T02:43:12Z,,Selenium,,Sprint-4,Sprint-5,
SQ-B-59,Document order summary,Story,Done,checkout-squad,2026-08-24T10:45:00Z,2026-09-02T13:52:12Z,,Selenium,,Sprint-4,Sprint-5,
SQ-B-60,Improve guest checkout,Story,Done,checkout-squad,2026-08-13T16:15:00Z,2026-08-18T10:58:12Z,,Manual,,Sprint-4,,
SQ-B-61,Investigate order summary,Story,Done,checkout-squad,2026-08-20T10:15:00Z,2026-08-28T11:27:00Z,,Perfecto Mobile,,Sprint-4,Sprint-5,
SQ-B-62,Refactor order summary,Story,Done,checkout-squad,2026-08-23T16:45:00Z,2026-09-01T06:54:36Z,,Selenium,,Sprint-4,Sprint-5,
SQ-B-63,Fix cart persistence,Story,Done,checkout-squad,2026-08-14T12:15:00Z,2026-08-22T07:27:00Z,,Postman,,Sprint-4,,
SQ-B-64,Add order summary,Story,Done,checkout-squad,2026-08-18T17:00:00Z,2026-08-21T05:57:36Z,,Postman,,Sprint-4,,
SQ-B-65,Refactor guest checkout,Story,Done,checkout-squad,2026-08-22T08:15:00Z,2026-08-27T13:31:48Z,,Selenium,,Sprint-4,Sprint-5,
SQ-B-66,Harden guest checkout,Story,Done,checkout-squad,2026-08-24T08:15:00Z,2026-08-28T15:41:24Z,,Postman,,Sprint-4,Sprint-5,
SQ-B-67,Refactor order summary,Story,In Progress,checkout-squad,2026-08-24T13:15:00Z,,,Selenium,,Sprint-4,,
SQ-B-68,Document cart persistence,Story,Done,checkout-squad,2026-08-16T08:15:00Z,2026-08-21T18:19:48Z,,Selenium,,Sprint-4,,
SQ-B-69,Investigate order summary,Story,Done,checkout-squad,2026-08-22T14:30:00Z,2026-08-27T20:58:48Z,,Selenium,,Sprint-4,Sprint-5,
SQ-B-70,Improve order summary,Story,Done,checkout-squad,2026-08-24T16:45:00Z,2026-08-28T11:57:00Z,,Selenium,,Sprint-4,Sprint-5,
SQ-B-71,Refactor discount code,Story,Done,checkout-squad,2026-08-20T14:45:00Z,2026-08-23T16:25:48Z,,Selenium,,Sprint-4,,
SQ-B-72,Refactor cart persistence,Story,Done,checkout-squad,2026-08-17T09:45:00Z,2026-08-20T03:30:36Z,,Selenium,,Sprint-4,,
SQ-D-53,Refactor settlement batch,Story,Done,payments-squad,2026-08-22T17:00:00Z,2026-08-26T05:14:24Z,,Selenium,,Sprint-4,Sprint-5,
SQ-D-54,Refactor payment retry logic,Story,Done,payments-squad,2026-08-25T13:30:00Z,2026-08-27T16:22:48Z,,Selenium,,Sprint-4,Sprint-5,
SQ-D-55,Optimize wallet linking,Story,Done,payments-squad,2026-08-23T15:15:00Z,2026-08-31T06:22:12Z,,Manual,,Sprint-4,Sprint-5,
SQ-D-56,Investigate fraud rule tuning,Story,In Progress,payments-squad,2026-08-17T12:45:00Z,,,Selenium,,Sprint-4,,
SQ-D-57,Document fraud rule tuning,Story,Done,payments-squad,2026-08-20T15:45:00Z,2026-08-30T12:09:00Z,,Selenium,,Sprint-4,Sprint-5,
SQ-D-58,Improve card tokenization,Story,In Progress,payments-squad,2026-08-17T13:45:00Z,,,Selenium,,Sprint-4,,
SQ-D-59,Refactor settlement batch,Story,Done,payments-squad,2026-08-20T17:45:00Z,2026-08-24T07:25:48Z,,Manual,,Sprint-4,,
SQ-D-60,Harden fraud rule tuning,Story,Done,payments-squad,2026-08-25T11:45:00Z,2026-09-04T00:57:00Z,,Swagger,,Sprint-4,Sprint-5,
SQ-D-61,Harden wallet linking,Story,Done,payments-squad,2026-08-25T15:45:00Z,2026-09-02T12:23:24Z,,Selenium,,Sprint-4,Sprint-5,
SQ-D-62,Add refund workflow,Story,Done,payments-squad,2026-08-23T16:45:00Z,2026-09-01T19:23:24Z,,Selenium,,Sprint-4,Sprint-5,
SQ-D-63,Refactor card tokenization,Story,In Progress,payments-squad,2026-08-25T09:00:00Z,,,Perfecto Mobile,,Sprint-4,,
SQ-D-64,Document payment retry logic,Story,Done,payments-squad,2026-08-14T08:15:00Z,2026-08-19T08:00:36Z,,Manual,,Sprint-4,,
SQ-D-65,Investigate refund workflow,Story,Done,payments-squad,2026-08-12T08:45:00Z,2026-08-28T02:59:24Z,,Selenium,,Sprint-4,Sprint-5,
SQ-D-66,Fix card tokenization,Story,Done,payments-squad,2026-08-12T16:45:00Z,2026-08-21T23:28:12Z,,Manual,,Sprint-4,,
SQ-D-67,Harden fraud rule tuning,Story,Done,payments-squad,2026-08-14T11:15:00Z,2026-08-18T11:43:48Z,,Manual,,Sprint-4,,
SQ-D-68,Refactor fraud rule tuning,Story,Done,payments-squad,2026-08-13T13:45:00Z,2026-08-17T12:33:00Z,,Perfecto Mobile,,Sprint-4,,
SQ-D-69,Document card tokenization,Story,Done,payments-squad,2026-08-25T09:00:00Z,2026-08-30T09:43:12Z,,Postman,,Sprint-4,Sprint-5,
SQ-D-70,Harden refund workflow,Story,Done,payments-squad,2026-08-12T10:00:00Z,2026-08-17T21:16:48Z,,Selenium,,Sprint-4,,
SQ-C-54,Document transaction history pagination,Story,Done,core-banking-squad,2026-08-12T11:15:00Z,2026-08-20T00:12:36Z,,Selenium,,Sprint-4,,
SQ-C-55,Add ledger integrity check,Story,Done,core-banking-squad,2026-08-13T12:00:00Z,2026-08-22T07:12:00Z,,Postman,,Sprint-4,,
SQ-C-56,Optimize double-entry validation,Story,Done,core-banking-squad,2026-08-14T14:00:00Z,2026-08-21T02:14:24Z,,Manual,,Sprint-4,,
SQ-C-57,Fix statement generation,Story,Done,core-banking-squad,2026-08-17T14:15:00Z,2026-08-25T02:29:24Z,,Swagger,,Sprint-4,,
SQ-C-58,Harden statement generation,Story,Done,core-banking-squad,2026-08-17T08:00:00Z,2026-08-26T01:02:24Z,,Swagger,,Sprint-4,Sprint-5,
SQ-C-59,Investigate interest accrual calculation,Story,Done,core-banking-squad,2026-08-21T17:45:00Z,2026-08-26T08:23:24Z,,Manual,,Sprint-4,Sprint-5,
SQ-C-60,Optimize account balance reconciliation,Story,Done,core-banking-squad,2026-08-15T13:45:00Z,2026-08-23T00:18:36Z,,Swagger,,Sprint-4,,
SQ-C-61,Improve interest accrual calculation,Story,Done,core-banking-squad,2026-08-21T12:15:00Z,2026-08-24T04:05:24Z,,Perfecto Mobile,,Sprint-4,,
SQ-C-62,Add transaction history pagination,Story,Done,core-banking-squad,2026-08-24T10:45:00Z,2026-08-27T07:09:00Z,,Manual,,Sprint-4,Sprint-5,
SQ-C-63,Document statement generation,Story,Done,core-banking-squad,2026-08-17T12:00:00Z,2026-08-21T00:00:00Z,,Manual,,Sprint-4,,
SQ-C-64,Fix statement generation,Story,Done,core-banking-squad,2026-08-20T14:00:00Z,2026-09-03T18:33:36Z,,Postman,,Sprint-4,Sprint-5,
SQ-C-65,Fix double-entry validation,Story,Done,core-banking-squad,2026-08-24T13:45:00Z,2026-09-08T07:01:48Z,,Manual,,Sprint-4,Sprint-5,
SQ-C-66,Investigate transaction history pagination,Story,Done,core-banking-squad,2026-08-15T17:15:00Z,2026-08-19T01:53:24Z,,Selenium,,Sprint-4,,
SQ-C-67,Investigate interest accrual calculation,Story,Done,core-banking-squad,2026-08-19T10:00:00Z,2026-08-23T15:02:24Z,,Selenium,,Sprint-4,,
SQ-C-68,Refactor interest accrual calculation,Story,Done,core-banking-squad,2026-08-17T12:15:00Z,2026-08-23T11:31:48Z,,Selenium,,Sprint-4,,
SQ-C-69,Optimize transaction history pagination,Story,Done,core-banking-squad,2026-08-14T12:00:00Z,2026-08-19T03:50:24Z,,Manual,,Sprint-4,,
SQ-C-70,Refactor interest accrual calculation,Story,Done,core-banking-squad,2026-08-17T14:15:00Z,2026-08-24T10:10:12Z,,Selenium,,Sprint-4,,
SQ-C-71,Document statement generation,Story,In Progress,core-banking-squad,2026-08-14T14:30:00Z,,,Selenium,,Sprint-4,,
SQ-C-72,Fix statement generation,Story,Done,core-banking-squad,2026-08-17T14:30:00Z,2026-08-22T17:51:36Z,,Selenium,,Sprint-4,,
SQ-E-55,Refactor auto-save rule,Story,Done,savings-squad,2026-08-20T10:00:00Z,2026-08-26T02:33:36Z,,Selenium,,Sprint-4,Sprint-5,
SQ-E-56,Investigate interest rate tiering,Story,Done,savings-squad,2026-08-25T09:45:00Z,2026-08-28T12:23:24Z,,Selenium,,Sprint-4,Sprint-5,
SQ-E-57,Document goal progress notification,Story,Done,savings-squad,2026-08-22T10:45:00Z,2026-08-25T00:54:36Z,,Manual,,Sprint-4,,
SQ-E-58,Harden savings withdrawal limit,Story,In Progress,savings-squad,2026-08-20T16:45:00Z,,,Manual,,Sprint-4,,
SQ-E-59,Harden interest rate tiering,Story,Done,savings-squad,2026-08-21T09:00:00Z,2026-08-28T15:14:24Z,,Postman,,Sprint-4,Sprint-5,
SQ-E-60,Optimize savings goal tracking,Story,Done,savings-squad,2026-08-21T08:45:00Z,2026-08-26T00:21:00Z,,Selenium,,Sprint-4,Sprint-5,
SQ-E-61,Refactor auto-save rule,Story,Done,savings-squad,2026-08-13T12:15:00Z,2026-08-19T15:51:00Z,,Selenium,,Sprint-4,,
SQ-E-62,Fix account opening flow,Story,In Progress,savings-squad,2026-08-18T15:15:00Z,,,Manual,,Sprint-4,,
SQ-E-63,Refactor goal progress notification,Story,Done,savings-squad,2026-08-13T09:15:00Z,2026-08-18T03:00:36Z,,Manual,,Sprint-4,,
SQ-E-64,Harden savings goal tracking,Story,Done,savings-squad,2026-08-17T15:00:00Z,2026-08-25T04:40:48Z,,Selenium,,Sprint-4,,
SQ-E-65,Improve savings withdrawal limit,Story,Done,savings-squad,2026-08-12T09:00:00Z,2026-08-19T13:19:12Z,,Selenium,,Sprint-4,,
SQ-E-66,Document interest rate tiering,Story,Done,savings-squad,2026-08-20T10:15:00Z,2026-08-25T20:05:24Z,,Manual,,Sprint-4,,
SQ-E-67,Add savings withdrawal limit,Story,Done,savings-squad,2026-08-22T10:15:00Z,2026-08-27T21:17:24Z,,Postman,,Sprint-4,Sprint-5,
SQ-E-68,Refactor account opening flow,Story,Done,savings-squad,2026-08-15T15:45:00Z,2026-08-23T07:06:36Z,,Swagger,,Sprint-4,,
SQ-E-69,Harden account opening flow,Story,Done,savings-squad,2026-08-23T09:00:00Z,2026-08-29T16:12:00Z,,Selenium,,Sprint-4,Sprint-5,
SQ-E-70,Harden goal progress notification,Story,Done,savings-squad,2026-08-19T09:30:00Z,2026-08-25T07:34:48Z,,Selenium,,Sprint-4,,
SQ-E-71,Improve savings withdrawal limit,Story,Done,savings-squad,2026-08-21T14:00:00Z,2026-08-30T08:14:24Z,,Perfecto Mobile,,Sprint-4,Sprint-5,
SQ-E-72,Refactor account opening flow,Story,Done,savings-squad,2026-08-24T12:00:00Z,2026-08-29T00:14:24Z,,Selenium,,Sprint-4,Sprint-5,
SQ-E-73,Improve goal progress notification,Story,Done,savings-squad,2026-08-14T13:15:00Z,2026-08-19T21:39:00Z,,Selenium,,Sprint-4,,
SQ-A-75,Improve token refresh,Story,Done,auth-squad,2026-08-28T15:15:00Z,2026-09-03T13:19:48Z,,Selenium,,Sprint-5,,
SQ-A-76,Document token refresh,Story,Done,auth-squad,2026-09-08T15:00:00Z,2026-09-18T05:38:24Z,,Selenium,,Sprint-5,Sprint-6,
SQ-A-77,Document credential rotation,Story,Done,auth-squad,2026-09-08T14:45:00Z,2026-09-14T13:04:12Z,,Selenium,,Sprint-5,Sprint-6,
SQ-A-78,Add MFA enrollment,Story,In Progress,auth-squad,2026-08-27T17:00:00Z,,,Selenium,,Sprint-5,,
SQ-A-79,Document login rate limiting,Story,Done,auth-squad,2026-09-03T12:15:00Z,2026-09-10T00:58:12Z,,Manual,,Sprint-5,Sprint-6,
SQ-A-80,Harden login rate limiting,Story,Done,auth-squad,2026-08-27T17:00:00Z,2026-09-03T01:09:36Z,,Swagger,,Sprint-5,,
SQ-A-81,Refactor MFA enrollment,Story,Done,auth-squad,2026-08-26T15:15:00Z,2026-08-29T10:55:48Z,,Selenium,,Sprint-5,,
SQ-A-82,Fix token refresh,Story,Done,auth-squad,2026-09-02T12:30:00Z,2026-09-05T05:18:00Z,,Selenium,,Sprint-5,,
SQ-A-83,Optimize token refresh,Story,In Progress,auth-squad,2026-09-07T17:30:00Z,,,Postman,,Sprint-5,,
SQ-A-84,Investigate login rate limiting,Story,Done,auth-squad,2026-08-28T11:15:00Z,2026-09-04T00:41:24Z,,Manual,,Sprint-5,,
SQ-A-85,Fix token refresh,Story,Done,auth-squad,2026-08-28T13:30:00Z,2026-09-01T16:51:36Z,,Swagger,,Sprint-5,,
SQ-A-86,Improve password reset flow,Story,Done,auth-squad,2026-09-07T14:00:00Z,2026-09-16T12:33:36Z,,Selenium,,Sprint-5,Sprint-6,
SQ-A-87,Optimize credential rotation,Story,In Progress,auth-squad,2026-08-29T10:30:00Z,,,Selenium,,Sprint-5,,
SQ-A-88,Fix credential rotation,Story,Done,auth-squad,2026-09-04T12:45:00Z,2026-09-07T03:09:00Z,,Manual,,Sprint-5,,
SQ-A-89,Add password reset flow,Story,Done,auth-squad,2026-09-06T12:30:00Z,2026-09-12T10:06:00Z,,Selenium,,Sprint-5,Sprint-6,
SQ-A-90,Optimize token refresh,Story,Done,auth-squad,2026-09-06T15:30:00Z,2026-09-15T00:22:48Z,,Manual,,Sprint-5,Sprint-6,
SQ-A-91,Harden login rate limiting,Story,Done,auth-squad,2026-09-08T11:45:00Z,2026-09-17T02:52:12Z,,Manual,,Sprint-5,Sprint-6,
SQ-A-92,Add session handling,Story,Done,auth-squad,2026-08-28T17:45:00Z,2026-09-06T21:21:00Z,,Selenium,,Sprint-5,,
SQ-B-73,Document order summary,Story,Done,checkout-squad,2026-09-07T15:00:00Z,2026-09-16T11:38:24Z,,Selenium,,Sprint-5,Sprint-6,
SQ-B-74,Investigate cart persistence,Story,Done,checkout-squad,2026-09-01T11:15:00Z,2026-09-05T21:05:24Z,,Postman,,Sprint-5,,
SQ-B-75,Improve cart persistence,Story,Done,checkout-squad,2026-08-31T12:00:00Z,2026-09-09T17:31:12Z,,Manual,,Sprint-5,Sprint-6,
SQ-B-76,Fix cart persistence,Story,Done,checkout-squad,2026-09-05T12:15:00Z,2026-09-08T05:46:12Z,,Selenium,,Sprint-5,,
SQ-B-77,Document cart persistence,Story,Done,checkout-squad,2026-09-02T09:15:00Z,2026-09-08T13:05:24Z,,Selenium,,Sprint-5,,
SQ-B-78,Improve order summary,Story,Done,checkout-squad,2026-09-06T13:00:00Z,2026-09-11T22:07:12Z,,Selenium,,Sprint-5,Sprint-6,
SQ-B-79,Harden discount code,Story,Done,checkout-squad,2026-08-29T14:00:00Z,2026-09-01T09:40:48Z,,Selenium,,Sprint-5,,
SQ-B-80,Fix guest checkout,Story,In Progress,checkout-squad,2026-08-28T14:15:00Z,,,Manual,,Sprint-5,,
SQ-B-81,Improve order summary,Story,Done,checkout-squad,2026-08-26T17:15:00Z,2026-09-03T11:58:12Z,,Postman,,Sprint-5,,
SQ-B-82,Fix guest checkout,Story,Done,checkout-squad,2026-09-05T15:15:00Z,2026-09-08T10:27:00Z,,Perfecto Mobile,,Sprint-5,,
SQ-B-83,Investigate cart abandonment email,Story,Done,checkout-squad,2026-09-01T13:45:00Z,2026-09-04T16:37:48Z,,Selenium,,Sprint-5,,
SQ-B-84,Investigate checkout widget,Story,Done,checkout-squad,2026-08-29T16:30:00Z,2026-09-06T04:58:48Z,,Manual,,Sprint-5,,
SQ-B-85,Add checkout widget,Story,Done,checkout-squad,2026-09-04T16:15:00Z,2026-09-09T00:53:24Z,,Manual,,Sprint-5,Sprint-6,
SQ-B-86,Add discount code,Story,Done,checkout-squad,2026-09-01T09:15:00Z,2026-09-08T03:15:00Z,,Selenium,,Sprint-5,,
SQ-B-87,Document cart persistence,Story,Done,checkout-squad,2026-08-28T14:45:00Z,2026-09-05T01:47:24Z,,Selenium,,Sprint-5,,
SQ-B-88,Add order summary,Story,Done,checkout-squad,2026-09-04T09:00:00Z,2026-09-06T16:40:48Z,,Manual,,Sprint-5,,
SQ-B-89,Improve discount code,Story,Done,checkout-squad,2026-08-30T16:45:00Z,2026-09-04T22:01:48Z,,Selenium,,Sprint-5,,
SQ-B-90,Harden order summary,Story,Done,checkout-squad,2026-08-30T09:15:00Z,2026-09-02T15:00:36Z,,Postman,,Sprint-5,,
SQ-B-91,Refactor cart persistence,Story,Done,checkout-squad,2026-09-05T09:30:00Z,2026-09-13T05:39:36Z,,Selenium,,Sprint-5,Sprint-6,
SQ-B-92,Investigate cart abandonment email,Story,Done,checkout-squad,2026-08-27T14:00:00Z,2026-09-03T10:52:48Z,,Perfecto Mobile,,Sprint-5,,
SQ-D-71,Add wallet linking,Story,Done,payments-squad,2026-09-06T10:00:00Z,2026-09-18T15:31:12Z,,Manual,,Sprint-5,Sprint-6,
SQ-D-72,Investigate payment retry logic,Story,Done,payments-squad,2026-08-31T16:30:00Z,2026-09-03T16:58:48Z,,Selenium,,Sprint-5,,
SQ-D-73,Fix fraud rule tuning,Story,Done,payments-squad,2026-09-07T08:30:00Z,2026-09-11T12:49:12Z,,Perfecto Mobile,,Sprint-5,Sprint-6,
SQ-D-74,Document refund workflow,Story,Done,payments-squad,2026-09-04T09:45:00Z,2026-09-09T06:52:12Z,,Selenium,,Sprint-5,Sprint-6,
SQ-D-75,Fix wallet linking,Story,Done,payments-squad,2026-08-31T10:30:00Z,2026-09-09T14:06:00Z,,Perfecto Mobile,,Sprint-5,Sprint-6,
SQ-D-76,Add settlement batch,Story,Done,payments-squad,2026-09-03T08:00:00Z,2026-09-05T10:24:00Z,,Selenium,,Sprint-5,,
SQ-D-77,Optimize wallet linking,Story,Done,payments-squad,2026-09-01T10:15:00Z,2026-09-10T06:53:24Z,,Selenium,,Sprint-5,Sprint-6,
SQ-D-78,Harden card tokenization,Story,Done,payments-squad,2026-08-29T14:30:00Z,2026-09-01T05:22:48Z,,Manual,,Sprint-5,,
SQ-D-79,Add settlement batch,Story,Done,payments-squad,2026-09-05T08:15:00Z,2026-09-11T11:22:12Z,,Selenium,,Sprint-5,Sprint-6,
SQ-D-80,Add fraud rule tuning,Story,Done,payments-squad,2026-09-02T12:30:00Z,2026-09-08T22:34:48Z,,Selenium,,Sprint-5,,
SQ-D-81,Harden refund workflow,Story,Done,payments-squad,2026-08-30T17:30:00Z,2026-09-03T16:03:36Z,,Manual,,Sprint-5,,
SQ-D-82,Add wallet linking,Story,Done,payments-squad,2026-09-07T11:15:00Z,2026-09-16T22:17:24Z,,Manual,,Sprint-5,Sprint-6,
SQ-D-83,Investigate card tokenization,Story,Done,payments-squad,2026-08-31T08:30:00Z,2026-09-17T06:34:48Z,,Selenium,,Sprint-5,Sprint-6,
SQ-D-84,Improve payment retry logic,Story,In Progress,payments-squad,2026-09-03T11:45:00Z,,,Selenium,,Sprint-5,,
SQ-D-85,Harden settlement batch,Story,Done,payments-squad,2026-08-27T08:15:00Z,2026-09-02T12:05:24Z,,Swagger,,Sprint-5,,
SQ-D-86,Optimize card tokenization,Story,Done,payments-squad,2026-08-27T17:00:00Z,2026-09-03T19:24:00Z,,Postman,,Sprint-5,,
SQ-D-87,Investigate fraud rule tuning,Story,Done,payments-squad,2026-09-04T08:45:00Z,2026-09-07T09:57:00Z,,Selenium,,Sprint-5,,
SQ-D-88,Fix wallet linking,Story,Done,payments-squad,2026-09-07T14:30:00Z,2026-09-11T18:49:12Z,,Selenium,,Sprint-5,Sprint-6,
SQ-D-89,Document fraud rule tuning,Story,Done,payments-squad,2026-09-07T17:00:00Z,2026-09-11T00:26:24Z,,Manual,,Sprint-5,Sprint-6,
SQ-D-90,Investigate settlement batch,Story,Done,payments-squad,2026-08-27T16:30:00Z,2026-08-31T08:20:24Z,,Selenium,,Sprint-5,,
SQ-C-73,Add ledger integrity check,Story,Done,core-banking-squad,2026-08-27T10:30:00Z,2026-09-04T00:25:12Z,,Selenium,,Sprint-5,,
SQ-C-74,Add double-entry validation,Story,Done,core-banking-squad,2026-08-28T09:15:00Z,2026-09-02T13:19:48Z,,Selenium,,Sprint-5,,
SQ-C-75,Refactor account balance reconciliation,Story,Done,core-banking-squad,2026-08-30T10:00:00Z,2026-09-08T06:09:36Z,,Manual,,Sprint-5,,
SQ-C-76,Refactor ledger integrity check,Story,Done,core-banking-squad,2026-08-27T10:00:00Z,2026-09-14T21:16:48Z,,Selenium,,Sprint-5,Sprint-6,
SQ-C-77,Fix statement generation,Story,Done,core-banking-squad,2026-09-08T14:30:00Z,2026-09-18T02:30:00Z,,Postman,,Sprint-5,Sprint-6,
SQ-C-78,Document ledger integrity check,Story,Done,core-banking-squad,2026-08-30T09:00:00Z,2026-09-02T22:55:12Z,,Selenium,,Sprint-5,,
SQ-C-79,Improve statement generation,Story,Done,core-banking-squad,2026-09-08T13:00:00Z,2026-09-23T16:36:00Z,,Manual,,Sprint-5,Sprint-6,Sprint-7
SQ-C-80,Improve transaction history pagination,Story,Done,core-banking-squad,2026-09-08T14:45:00Z,2026-09-25T18:21:00Z,,Selenium,,Sprint-5,Sprint-6,Sprint-7
SQ-C-81,Refactor double-entry validation,Story,Done,core-banking-squad,2026-08-28T12:30:00Z,2026-08-31T17:03:36Z,,Selenium,,Sprint-5,,
SQ-C-82,Improve interest accrual calculation,Story,Done,core-banking-squad,2026-09-02T14:45:00Z,2026-09-16T03:13:48Z,,Selenium,,Sprint-5,Sprint-6,
SQ-C-83,Add interest accrual calculation,Story,Done,core-banking-squad,2026-09-05T16:15:00Z,2026-09-14T02:19:48Z,,Perfecto Mobile,,Sprint-5,Sprint-6,
SQ-C-84,Harden interest accrual calculation,Story,Done,core-banking-squad,2026-08-31T15:45:00Z,2026-09-07T04:28:12Z,,Selenium,,Sprint-5,,
SQ-C-85,Investigate account balance reconciliation,Story,Done,core-banking-squad,2026-08-28T08:30:00Z,2026-08-30T14:01:12Z,,Manual,,Sprint-5,,
SQ-C-86,Refactor transaction history pagination,Story,Done,core-banking-squad,2026-09-03T13:15:00Z,2026-09-06T08:27:00Z,,Manual,,Sprint-5,,
SQ-C-87,Optimize transaction history pagination,Story,Done,core-banking-squad,2026-09-08T08:15:00Z,2026-09-18T04:53:24Z,,Selenium,,Sprint-5,Sprint-6,
SQ-E-74,Add savings withdrawal limit,Story,Done,savings-squad,2026-08-29T17:30:00Z,2026-09-06T07:25:12Z,,Perfecto Mobile,,Sprint-5,,
SQ-E-75,Document goal progress notification,Story,Done,savings-squad,2026-08-31T17:15:00Z,2026-09-04T05:29:24Z,,Selenium,,Sprint-5,,
SQ-E-76,Refactor savings goal tracking,Story,In Progress,savings-squad,2026-08-28T15:00:00Z,,,Manual,,Sprint-5,,
SQ-E-77,Improve account opening flow,Story,Done,savings-squad,2026-09-02T08:30:00Z,2026-09-05T23:08:24Z,,Perfecto Mobile,,Sprint-5,,
SQ-E-78,Improve savings goal tracking,Story,Done,savings-squad,2026-08-28T13:00:00Z,2026-09-13T19:43:12Z,,Manual,,Sprint-5,Sprint-6,
SQ-E-79,Optimize goal progress notification,Story,Done,savings-squad,2026-09-08T13:00:00Z,2026-09-18T01:57:36Z,,Selenium,,Sprint-5,Sprint-6,
SQ-E-80,Optimize savings withdrawal limit,Story,Done,savings-squad,2026-08-31T12:30:00Z,2026-09-03T18:44:24Z,,Manual,,Sprint-5,,
SQ-E-81,Harden interest rate tiering,Story,Done,savings-squad,2026-09-05T13:15:00Z,2026-09-12T01:15:00Z,,Perfecto Mobile,,Sprint-5,Sprint-6,
SQ-E-82,Improve interest rate tiering,Story,Done,savings-squad,2026-09-04T10:45:00Z,2026-09-11T22:59:24Z,,Perfecto Mobile,,Sprint-5,Sprint-6,
SQ-E-83,Add interest rate tiering,Story,Done,savings-squad,2026-08-26T17:45:00Z,2026-09-03T21:49:48Z,,Postman,,Sprint-5,,
SQ-E-84,Document interest rate tiering,Story,Done,savings-squad,2026-08-31T17:15:00Z,2026-09-03T13:10:12Z,,Selenium,,Sprint-5,,
SQ-E-85,Fix savings withdrawal limit,Story,Done,savings-squad,2026-09-06T09:15:00Z,2026-09-10T22:41:24Z,,Perfecto Mobile,,Sprint-5,Sprint-6,
SQ-E-86,Fix account opening flow,Story,Done,savings-squad,2026-09-05T13:45:00Z,2026-09-18T11:06:36Z,,Selenium,,Sprint-5,Sprint-6,
SQ-E-87,Optimize interest rate tiering,Story,Done,savings-squad,2026-09-07T09:00:00Z,2026-09-22T07:33:36Z,,Manual,,Sprint-5,Sprint-6,
SQ-E-88,Document goal progress notification,Story,Done,savings-squad,2026-09-02T14:30:00Z,2026-09-05T09:56:24Z,,Postman,,Sprint-5,,
SQ-E-89,Add account opening flow,Story,Done,savings-squad,2026-09-07T11:15:00Z,2026-09-15T20:36:36Z,,Selenium,,Sprint-5,Sprint-6,
SQ-A-93,Improve password reset flow,Story,Done,auth-squad,2026-09-13T09:00:00Z,2026-09-22T11:24:00Z,,Selenium,,Sprint-6,,
SQ-A-94,Document password reset flow,Story,In Progress,auth-squad,2026-09-17T09:30:00Z,,,Selenium,,Sprint-6,,
SQ-A-95,Refactor token refresh,Story,Done,auth-squad,2026-09-15T10:45:00Z,2026-09-18T06:11:24Z,,Manual,,Sprint-6,,
SQ-A-96,Fix session handling,Story,Done,auth-squad,2026-09-20T16:30:00Z,2026-09-25T01:37:12Z,,Manual,,Sprint-6,Sprint-7,
SQ-A-97,Optimize session handling,Story,Done,auth-squad,2026-09-18T16:45:00Z,2026-09-23T14:06:36Z,,Selenium,,Sprint-6,Sprint-7,
SQ-A-98,Improve password reset flow,Story,Done,auth-squad,2026-09-22T17:45:00Z,2026-09-24T22:47:24Z,,Selenium,,Sprint-6,Sprint-7,
SQ-A-99,Document password reset flow,Story,Done,auth-squad,2026-09-10T15:00:00Z,2026-09-15T19:19:12Z,,Selenium,,Sprint-6,,
SQ-A-100,Harden token refresh,Story,Done,auth-squad,2026-09-10T16:45:00Z,2026-09-19T18:40:12Z,,Manual,,Sprint-6,,
SQ-A-101,Investigate login rate limiting,Story,Done,auth-squad,2026-09-09T12:45:00Z,2026-09-13T08:11:24Z,,Selenium,,Sprint-6,,
SQ-A-102,Optimize login rate limiting,Story,Done,auth-squad,2026-09-11T09:00:00Z,2026-09-19T20:16:48Z,,Selenium,,Sprint-6,,
SQ-A-103,Document login rate limiting,Story,Done,auth-squad,2026-09-17T08:45:00Z,2026-09-22T17:09:00Z,,Selenium,,Sprint-6,,
SQ-A-104,Add login rate limiting,Story,Done,auth-squad,2026-09-16T12:00:00Z,2026-09-25T07:55:12Z,,Manual,,Sprint-6,Sprint-7,
SQ-A-105,Improve token refresh,Story,Done,auth-squad,2026-09-17T17:15:00Z,2026-09-25T18:41:24Z,,Selenium,,Sprint-6,Sprint-7,
SQ-A-106,Optimize token refresh,Story,Done,auth-squad,2026-09-21T11:15:00Z,2026-10-03T04:17:24Z,,Postman,,Sprint-6,Sprint-7,
SQ-A-107,Fix session handling,Story,Done,auth-squad,2026-09-11T17:30:00Z,2026-09-19T13:10:48Z,,Selenium,,Sprint-6,,
SQ-A-108,Add password reset flow,Story,Done,auth-squad,2026-09-17T14:30:00Z,2026-09-23T18:20:24Z,,Postman,,Sprint-6,Sprint-7,
SQ-A-109,Fix session handling,Story,Done,auth-squad,2026-09-18T16:45:00Z,2026-09-21T21:33:00Z,,Manual,,Sprint-6,,
SQ-B-93,Document guest checkout,Story,Done,checkout-squad,2026-09-21T12:30:00Z,2026-09-25T15:08:24Z,,Postman,,Sprint-6,Sprint-7,
SQ-B-94,Optimize cart persistence,Story,Done,checkout-squad,2026-09-16T08:15:00Z,2026-09-19T11:51:00Z,,Manual,,Sprint-6,,
SQ-B-95,Harden cart persistence,Story,Done,checkout-squad,2026-09-14T11:00:00Z,2026-09-23T19:52:48Z,,Selenium,,Sprint-6,Sprint-7,
SQ-B-96,Fix checkout widget,Story,Done,checkout-squad,2026-09-22T12:30:00Z,2026-09-28T10:49:12Z,,Selenium,,Sprint-6,Sprint-7,
SQ-B-97,Fix checkout widget,Story,Done,checkout-squad,2026-09-13T15:30:00Z,2026-09-18T23:25:12Z,,Manual,,Sprint-6,,
SQ-B-98,Add guest checkout,Story,Done,checkout-squad,2026-09-12T14:45:00Z,2026-09-21T13:18:36Z,,Selenium,,Sprint-6,,
SQ-B-99,Add checkout widget,Story,Done,checkout-squad,2026-09-10T12:45:00Z,2026-09-19T08:11:24Z,,Selenium,,Sprint-6,,
SQ-B-100,Harden cart abandonment email,Story,Done,checkout-squad,2026-09-22T11:00:00Z,2026-09-28T02:36:00Z,,Selenium,,Sprint-6,Sprint-7,
SQ-B-101,Fix cart abandonment email,Story,Done,checkout-squad,2026-09-13T13:45:00Z,2026-09-20T15:40:12Z,,Selenium,,Sprint-6,,
SQ-B-102,Document guest checkout,Story,Done,checkout-squad,2026-09-12T13:45:00Z,2026-09-15T23:49:48Z,,Manual,,Sprint-6,,
SQ-B-103,Fix discount code,Story,Done,checkout-squad,2026-09-14T13:15:00Z,2026-09-18T14:55:48Z,,Selenium,,Sprint-6,,
SQ-B-104,Refactor checkout widget,Story,Done,checkout-squad,2026-09-15T08:15:00Z,2026-09-23T14:00:36Z,,Postman,,Sprint-6,Sprint-7,
SQ-B-105,Add order summary,Story,Done,checkout-squad,2026-09-12T11:30:00Z,2026-09-18T14:08:24Z,,Selenium,,Sprint-6,,
SQ-B-106,Investigate cart abandonment email,Story,Done,checkout-squad,2026-09-19T10:00:00Z,2026-09-26T06:52:48Z,,Perfecto Mobile,,Sprint-6,Sprint-7,
SQ-B-107,Document discount code,Story,Done,checkout-squad,2026-09-19T12:45:00Z,2026-09-28T08:11:24Z,,Selenium,,Sprint-6,Sprint-7,
SQ-D-91,Harden refund workflow,Story,In Progress,payments-squad,2026-09-13T16:45:00Z,,,Postman,,Sprint-6,,
SQ-D-92,Fix fraud rule tuning,Story,In Progress,payments-squad,2026-09-18T17:30:00Z,,,Selenium,,Sprint-6,,
SQ-D-93,Investigate wallet linking,Story,Done,payments-squad,2026-09-19T13:30:00Z,2026-09-27T06:03:36Z,,Selenium,,Sprint-6,Sprint-7,
SQ-D-94,Optimize payment retry logic,Story,Done,payments-squad,2026-09-17T11:00:00Z,2026-09-25T21:04:48Z,,Selenium,,Sprint-6,Sprint-7,
SQ-D-95,Investigate settlement batch,Story,Done,payments-squad,2026-09-19T10:00:00Z,2026-09-29T09:31:12Z,,Manual,,Sprint-6,Sprint-7,
SQ-D-96,Document payment retry logic,Story,Done,payments-squad,2026-09-15T08:15:00Z,2026-09-23T01:17:24Z,,Selenium,,Sprint-6,Sprint-7,
SQ-D-97,Improve fraud rule tuning,Story,In Progress,payments-squad,2026-09-17T12:15:00Z,,,Selenium,,Sprint-6,,
SQ-D-98,Improve payment retry logic,Story,Done,payments-squad,2026-09-16T10:30:00Z,2026-09-22T21:46:48Z,,Selenium,,Sprint-6,,
SQ-D-99,Investigate settlement batch,Story,Done,payments-squad,2026-09-19T09:15:00Z,2026-09-27T08:03:00Z,,Selenium,,Sprint-6,Sprint-7,
SQ-D-100,Add payment retry logic,Story,Done,payments-squad,2026-09-14T12:30:00Z,2026-09-17T11:03:36Z,,Manual,,Sprint-6,,
SQ-D-101,Fix payment retry logic,Story,Done,payments-squad,2026-09-18T17:00:00Z,2026-09-22T06:26:24Z,,Selenium,,Sprint-6,,
SQ-D-102,Improve wallet linking,Story,Done,payments-squad,2026-09-17T12:45:00Z,2026-10-06T05:18:36Z,,Selenium,,Sprint-6,Sprint-7,
SQ-D-103,Improve card tokenization,Story,Done,payments-squad,2026-09-15T17:45:00Z,2026-09-24T15:21:00Z,,Manual,,Sprint-6,Sprint-7,
SQ-D-104,Investigate wallet linking,Story,Done,payments-squad,2026-09-14T10:30:00Z,2026-09-16T11:27:36Z,,Swagger,,Sprint-6,,
SQ-D-105,Fix wallet linking,Story,Done,payments-squad,2026-09-21T10:15:00Z,2026-09-29T12:53:24Z,,Postman,,Sprint-6,Sprint-7,
SQ-D-106,Add card tokenization,Story,Done,payments-squad,2026-09-15T14:45:00Z,2026-09-21T10:25:48Z,,Manual,,Sprint-6,,
SQ-D-107,Refactor card tokenization,Story,Done,payments-squad,2026-09-12T13:00:00Z,2026-09-20T14:12:00Z,,Perfecto Mobile,,Sprint-6,,
SQ-D-108,Improve card tokenization,Story,In Progress,payments-squad,2026-09-09T11:15:00Z,,,Selenium,,Sprint-6,,
SQ-C-88,Investigate interest accrual calculation,Story,Done,core-banking-squad,2026-09-18T12:15:00Z,2026-09-29T22:05:24Z,,Perfecto Mobile,,Sprint-6,Sprint-7,
SQ-C-89,Improve transaction history pagination,Story,Done,core-banking-squad,2026-09-17T17:30:00Z,2026-09-25T05:15:36Z,,Manual,,Sprint-6,Sprint-7,
SQ-C-90,Optimize account balance reconciliation,Story,Done,core-banking-squad,2026-09-14T11:15:00Z,2026-09-23T19:39:00Z,,Selenium,,Sprint-6,Sprint-7,
SQ-C-91,Improve account balance reconciliation,Story,In Progress,core-banking-squad,2026-09-12T10:15:00Z,,,Selenium,,Sprint-6,,
SQ-C-92,Add statement generation,Story,Done,core-banking-squad,2026-09-20T08:45:00Z,2026-09-24T09:57:00Z,,Selenium,,Sprint-6,Sprint-7,
SQ-C-93,Document interest accrual calculation,Story,Done,core-banking-squad,2026-09-19T09:00:00Z,2026-10-01T09:57:36Z,,Selenium,,Sprint-6,Sprint-7,
SQ-C-94,Add transaction history pagination,Story,Done,core-banking-squad,2026-09-17T12:45:00Z,2026-09-21T04:06:36Z,,Manual,,Sprint-6,,
SQ-C-95,Optimize account balance reconciliation,Story,Done,core-banking-squad,2026-09-19T09:30:00Z,2026-09-27T00:08:24Z,,Manual,,Sprint-6,Sprint-7,
SQ-C-96,Document ledger integrity check,Story,Done,core-banking-squad,2026-09-20T17:00:00Z,2026-09-28T23:43:12Z,,Postman,,Sprint-6,Sprint-7,
SQ-C-97,Improve account balance reconciliation,Story,Done,core-banking-squad,2026-09-12T12:15:00Z,2026-09-17T18:58:12Z,,Manual,,Sprint-6,,
SQ-C-98,Fix account balance reconciliation,Story,Done,core-banking-squad,2026-09-16T11:45:00Z,2026-09-18T12:13:48Z,,Manual,,Sprint-6,,
SQ-C-99,Fix double-entry validation,Story,Done,core-banking-squad,2026-09-19T15:15:00Z,2026-09-27T21:00:36Z,,Perfecto Mobile,,Sprint-6,Sprint-7,
SQ-C-100,Investigate interest accrual calculation,Story,Done,core-banking-squad,2026-09-10T12:15:00Z,2026-09-20T07:55:48Z,,Selenium,,Sprint-6,,
SQ-C-101,Harden interest accrual calculation,Story,Done,core-banking-squad,2026-09-10T10:00:00Z,2026-09-15T07:07:12Z,,Perfecto Mobile,,Sprint-6,,
SQ-C-102,Improve transaction history pagination,Story,Done,core-banking-squad,2026-09-10T09:00:00Z,2026-09-22T15:00:00Z,,Selenium,,Sprint-6,,
SQ-C-103,Harden ledger integrity check,Story,Done,core-banking-squad,2026-09-16T17:30:00Z,2026-09-19T11:15:36Z,,Selenium,,Sprint-6,,
SQ-C-104,Document interest accrual calculation,Story,Done,core-banking-squad,2026-09-15T14:45:00Z,2026-09-20T16:54:36Z,,Postman,,Sprint-6,,
SQ-C-105,Improve account balance reconciliation,Story,Done,core-banking-squad,2026-09-21T10:00:00Z,2026-09-29T05:26:24Z,,Manual,,Sprint-6,Sprint-7,
SQ-C-106,Harden statement generation,Story,Done,core-banking-squad,2026-09-18T15:45:00Z,2026-09-23T16:42:36Z,,Selenium,,Sprint-6,Sprint-7,
SQ-E-90,Optimize auto-save rule,Story,Done,savings-squad,2026-09-22T10:45:00Z,2026-09-25T08:21:00Z,,Selenium,,Sprint-6,Sprint-7,
SQ-E-91,Refactor savings withdrawal limit,Story,Done,savings-squad,2026-09-10T12:30:00Z,2026-09-29T07:56:24Z,,Selenium,,Sprint-6,Sprint-7,
SQ-E-92,Document account opening flow,Story,Done,savings-squad,2026-09-17T16:00:00Z,2026-09-25T11:26:24Z,,Postman,,Sprint-6,Sprint-7,
SQ-E-93,Add savings goal tracking,Story,Done,savings-squad,2026-09-19T14:15:00Z,2026-09-26T01:31:48Z,,Postman,,Sprint-6,Sprint-7,
SQ-E-94,Fix auto-save rule,Story,In Progress,savings-squad,2026-09-11T16:45:00Z,,,Selenium,,Sprint-6,,
SQ-E-95,Optimize auto-save rule,Story,Done,savings-squad,2026-09-12T13:30:00Z,2026-09-25T13:30:00Z,,Selenium,,Sprint-6,Sprint-7,
SQ-E-96,Document auto-save rule,Story,Done,savings-squad,2026-09-10T15:45:00Z,2026-09-16T05:40:12Z,,Selenium,,Sprint-6,,
SQ-E-97,Add savings goal tracking,Story,Done,savings-squad,2026-09-10T15:00:00Z,2026-09-15T22:12:00Z,,Postman,,Sprint-6,,
SQ-E-98,Harden account opening flow,Story,Done,savings-squad,2026-09-18T12:15:00Z,2026-09-24T03:51:00Z,,Selenium,,Sprint-6,Sprint-7,
SQ-E-99,Document savings withdrawal limit,Story,Done,savings-squad,2026-09-22T11:45:00Z,2026-09-30T15:06:36Z,,Postman,,Sprint-6,Sprint-7,
SQ-E-100,Add account opening flow,Story,Done,savings-squad,2026-09-14T15:00:00Z,2026-09-21T21:28:48Z,,Selenium,,Sprint-6,,
SQ-E-101,Improve auto-save rule,Story,Done,savings-squad,2026-09-22T12:30:00Z,2026-09-24T21:22:48Z,,Selenium,,Sprint-6,Sprint-7,
SQ-E-102,Fix auto-save rule,Story,Done,savings-squad,2026-09-22T14:00:00Z,2026-09-26T03:40:48Z,,Selenium,,Sprint-6,Sprint-7,
SQ-E-103,Fix auto-save rule,Story,Done,savings-squad,2026-09-16T11:30:00Z,2026-09-21T19:10:48Z,,Manual,,Sprint-6,,
SQ-E-104,Add goal progress notification,Story,Done,savings-squad,2026-09-19T17:15:00Z,2026-09-21T17:58:12Z,,Manual,,Sprint-6,,
SQ-E-105,Improve savings withdrawal limit,Story,Done,savings-squad,2026-09-22T17:45:00Z,2026-09-30T23:45:00Z,,Manual,,Sprint-6,Sprint-7,
SQ-E-106,Harden goal progress notification,Story,Done,savings-squad,2026-09-11T10:00:00Z,2026-09-18T05:12:00Z,,Selenium,,Sprint-6,,
SQ-E-107,Investigate auto-save rule,Story,In Progress,savings-squad,2026-09-15T17:15:00Z,,,Selenium,,Sprint-6,,
SQ-E-108,Harden savings withdrawal limit,Story,Done,savings-squad,2026-09-11T14:30:00Z,2026-09-17T23:37:12Z,,Perfecto Mobile,,Sprint-6,,
SQ-E-109,Harden savings withdrawal limit,Story,Done,savings-squad,2026-09-17T11:15:00Z,2026-09-25T04:31:48Z,,Selenium,,Sprint-6,Sprint-7,
SQ-A-110,Document login rate limiting,Story,Done,auth-squad,2026-10-03T10:30:00Z,2026-10-11T12:39:36Z,,Manual,,Sprint-7,Sprint-8,
SQ-A-111,Add login rate limiting,Story,Done,auth-squad,2026-10-03T14:30:00Z,2026-10-08T23:37:12Z,,Selenium,,Sprint-7,Sprint-8,
SQ-A-112,Investigate token refresh,Story,Done,auth-squad,2026-09-23T14:15:00Z,2026-10-05T02:29:24Z,,Selenium,,Sprint-7,,
SQ-A-113,Investigate token refresh,Story,In Progress,auth-squad,2026-10-03T12:15:00Z,,,Swagger,,Sprint-7,,
SQ-A-114,Refactor password reset flow,Story,Done,auth-squad,2026-10-01T08:30:00Z,2026-10-04T04:10:48Z,,Postman,,Sprint-7,,
SQ-A-115,Investigate password reset flow,Story,In Progress,auth-squad,2026-10-01T14:15:00Z,,,Perfecto Mobile,,Sprint-7,,
SQ-A-116,Harden login rate limiting,Story,Done,auth-squad,2026-09-23T14:45:00Z,2026-10-01T21:57:00Z,,Selenium,,Sprint-7,,
SQ-A-117,Document token refresh,Story,Done,auth-squad,2026-09-23T12:15:00Z,2026-10-01T18:15:00Z,,Postman,,Sprint-7,,
SQ-A-118,Investigate credential rotation,Story,Done,auth-squad,2026-10-04T13:15:00Z,2026-10-14T06:17:24Z,,Selenium,,Sprint-7,Sprint-8,
SQ-A-119,Fix credential rotation,Story,Done,auth-squad,2026-10-03T09:15:00Z,2026-10-11T06:22:12Z,,Selenium,,Sprint-7,Sprint-8,
SQ-A-120,Investigate session handling,Story,Done,auth-squad,2026-09-29T12:30:00Z,2026-10-06T04:34:48Z,,Selenium,,Sprint-7,,
SQ-A-121,Add password reset flow,Story,Done,auth-squad,2026-09-30T10:00:00Z,2026-10-04T23:55:12Z,,Postman,,Sprint-7,,
SQ-A-122,Fix password reset flow,Story,Done,auth-squad,2026-10-06T12:45:00Z,2026-10-12T22:21:00Z,,Selenium,,Sprint-7,Sprint-8,
SQ-A-123,Improve credential rotation,Story,Done,auth-squad,2026-10-01T11:15:00Z,2026-10-09T18:12:36Z,,Manual,,Sprint-7,Sprint-8,
SQ-A-124,Harden MFA enrollment,Story,In Progress,auth-squad,2026-10-01T14:00:00Z,,,Selenium,,Sprint-7,,
SQ-A-125,Add session handling,Story,Done,auth-squad,2026-09-27T11:45:00Z,2026-10-06T01:54:36Z,,Perfecto Mobile,,Sprint-7,,
SQ-A-126,Refactor session handling,Story,Done,auth-squad,2026-09-28T15:15:00Z,2026-10-05T13:05:24Z,,Perfecto Mobile,,Sprint-7,,
SQ-A-127,Investigate session handling,Story,Done,auth-squad,2026-09-28T14:00:00Z,2026-10-04T21:40:48Z,,Manual,,Sprint-7,,
SQ-A-128,Refactor MFA enrollment,Story,Done,auth-squad,2026-10-06T13:45:00Z,2026-10-10T22:37:48Z,,Manual,,Sprint-7,Sprint-8,
SQ-A-129,Add password reset flow,Story,Done,auth-squad,2026-09-24T09:15:00Z,2026-10-02T13:48:36Z,,Selenium,,Sprint-7,,
SQ-B-108,Optimize cart abandonment email,Story,Done,checkout-squad,2026-10-03T11:45:00Z,2026-10-07T03:06:36Z,,Selenium,,Sprint-7,Sprint-8,
SQ-B-109,Fix cart persistence,Story,Done,checkout-squad,2026-10-04T10:00:00Z,2026-10-09T01:36:00Z,,Selenium,,Sprint-7,Sprint-8,
SQ-B-110,Investigate order summary,Story,Done,checkout-squad,2026-09-25T12:00:00Z,2026-09-29T07:40:48Z,,Selenium,,Sprint-7,,
SQ-B-111,Fix guest checkout,Story,Done,checkout-squad,2026-09-30T14:45:00Z,2026-10-05T17:37:48Z,,Selenium,,Sprint-7,,
SQ-B-112,Fix discount code,Story,Done,checkout-squad,2026-10-03T17:00:00Z,2026-10-10T09:19:12Z,,Manual,,Sprint-7,Sprint-8,
SQ-B-113,Document order summary,Story,Done,checkout-squad,2026-09-24T12:30:00Z,2026-09-28T18:30:00Z,,Manual,,Sprint-7,,
SQ-B-114,Optimize guest checkout,Story,Done,checkout-squad,2026-10-06T08:45:00Z,2026-10-10T02:59:24Z,,Selenium,,Sprint-7,Sprint-8,
SQ-B-115,Harden cart persistence,Story,Done,checkout-squad,2026-10-03T10:30:00Z,2026-10-12T17:56:24Z,,Manual,,Sprint-7,Sprint-8,
SQ-B-116,Optimize guest checkout,Story,Done,checkout-squad,2026-10-06T16:15:00Z,2026-10-08T17:12:36Z,,Manual,,Sprint-7,Sprint-8,
SQ-B-117,Harden checkout widget,Story,Done,checkout-squad,2026-09-24T12:15:00Z,2026-10-03T17:46:12Z,,Manual,,Sprint-7,,
SQ-B-118,Investigate checkout widget,Story,Done,checkout-squad,2026-10-03T16:15:00Z,2026-10-07T10:43:48Z,,Selenium,,Sprint-7,Sprint-8,
SQ-B-119,Document cart abandonment email,Story,Done,checkout-squad,2026-09-25T17:00:00Z,2026-10-05T04:02:24Z,,Manual,,Sprint-7,,
SQ-B-120,Document discount code,Story,Done,checkout-squad,2026-09-24T12:00:00Z,2026-09-28T01:55:12Z,,Selenium,,Sprint-7,,
SQ-B-121,Refactor discount code,Story,Done,checkout-squad,2026-09-25T11:00:00Z,2026-09-28T00:26:24Z,,Manual,,Sprint-7,,
SQ-B-122,Harden discount code,Story,Done,checkout-squad,2026-09-30T13:30:00Z,2026-10-03T18:46:48Z,,Manual,,Sprint-7,,
SQ-B-123,Optimize discount code,Story,Done,checkout-squad,2026-09-25T08:30:00Z,2026-09-29T02:58:48Z,,Selenium,,Sprint-7,,
SQ-D-109,Investigate settlement batch,Story,Done,payments-squad,2026-10-03T13:45:00Z,2026-10-08T10:37:48Z,,Manual,,Sprint-7,Sprint-8,
SQ-D-110,Improve refund workflow,Story,Done,payments-squad,2026-09-24T10:00:00Z,2026-10-03T06:52:48Z,,Selenium,,Sprint-7,,
SQ-D-111,Add refund workflow,Story,Done,payments-squad,2026-09-27T09:00:00Z,2026-10-06T04:12:00Z,,Manual,,Sprint-7,,
SQ-D-112,Document payment retry logic,Story,In Progress,payments-squad,2026-09-29T17:15:00Z,,,Swagger,,Sprint-7,,
SQ-D-113,Investigate wallet linking,Story,In Progress,payments-squad,2026-09-25T13:45:00Z,,,Manual,,Sprint-7,,
SQ-D-114,Refactor refund workflow,Story,Done,payments-squad,2026-10-01T16:00:00Z,2026-10-07T16:28:48Z,,Perfecto Mobile,,Sprint-7,Sprint-8,
SQ-D-115,Improve payment retry logic,Story,In Progress,payments-squad,2026-09-25T16:15:00Z,,,Perfecto Mobile,,Sprint-7,,
SQ-D-116,Fix fraud rule tuning,Story,Done,payments-squad,2026-09-30T13:00:00Z,2026-10-06T10:36:00Z,,Selenium,,Sprint-7,,
SQ-D-117,Optimize settlement batch,Story,In Progress,payments-squad,2026-09-26T08:15:00Z,,,Manual,,Sprint-7,,
SQ-D-118,Investigate payment retry logic,Story,Done,payments-squad,2026-09-23T08:30:00Z,2026-10-03T02:30:00Z,,Selenium,,Sprint-7,,
SQ-D-119,Fix refund workflow,Story,Done,payments-squad,2026-10-02T16:15:00Z,2026-10-07T16:58:12Z,,Selenium,,Sprint-7,Sprint-8,
SQ-D-120,Document settlement batch,Story,Done,payments-squad,2026-09-29T11:45:00Z,2026-10-08T10:18:36Z,,Postman,,Sprint-7,Sprint-8,
SQ-D-121,Investigate wallet linking,Story,Done,payments-squad,2026-09-23T16:15:00Z,2026-09-27T12:24:36Z,,Selenium,,Sprint-7,,
SQ-D-122,Refactor settlement batch,Story,Done,payments-squad,2026-09-25T10:30:00Z,2026-10-03T23:27:36Z,,Selenium,,Sprint-7,,
SQ-D-123,Improve payment retry logic,Story,Done,payments-squad,2026-10-04T09:45:00Z,2026-10-10T05:40:12Z,,Manual,,Sprint-7,Sprint-8,
SQ-D-124,Improve payment retry logic,Story,Done,payments-squad,2026-09-23T11:00:00Z,2026-09-30T04:45:36Z,,Manual,,Sprint-7,,
SQ-C-107,Optimize statement generation,Story,Done,core-banking-squad,2026-10-02T10:00:00Z,2026-10-11T19:07:12Z,,Manual,,Sprint-7,Sprint-8,
SQ-C-108,Document interest accrual calculation,Story,Done,core-banking-squad,2026-10-03T08:30:00Z,2026-10-07T02:01:12Z,,Selenium,,Sprint-7,Sprint-8,
SQ-C-109,Improve statement generation,Story,Done,core-banking-squad,2026-09-26T14:15:00Z,2026-10-05T03:41:24Z,,Postman,,Sprint-7,,
SQ-C-110,Document statement generation,Story,Done,core-banking-squad,2026-10-01T12:15:00Z,2026-10-06T06:00:36Z,,Postman,,Sprint-7,,
SQ-C-111,Refactor statement generation,Story,In Progress,core-banking-squad,2026-09-24T11:45:00Z,,,Manual,,Sprint-7,,
SQ-C-112,Add statement generation,Story,Done,core-banking-squad,2026-10-03T14:15:00Z,2026-10-07T00:19:48Z,,Manual,,Sprint-7,Sprint-8,
SQ-C-113,Add double-entry validation,Story,Done,core-banking-squad,2026-10-05T09:00:00Z,2026-10-08T09:57:36Z,,Postman,,Sprint-7,Sprint-8,
SQ-C-114,Optimize ledger integrity check,Story,Done,core-banking-squad,2026-09-29T16:45:00Z,2026-10-02T01:09:00Z,,Manual,,Sprint-7,,
SQ-C-115,Fix interest accrual calculation,Story,Done,core-banking-squad,2026-10-05T14:30:00Z,2026-10-13T12:49:12Z,,Selenium,,Sprint-7,Sprint-8,
SQ-C-116,Optimize transaction history pagination,Story,Done,core-banking-squad,2026-09-27T15:15:00Z,2026-09-30T07:19:48Z,,Selenium,,Sprint-7,,
SQ-C-117,Refactor double-entry validation,Story,Done,core-banking-squad,2026-09-23T08:00:00Z,2026-09-28T08:00:00Z,,Selenium,,Sprint-7,,
SQ-C-118,Investigate transaction history pagination,Story,Done,core-banking-squad,2026-09-29T13:00:00Z,2026-10-06T18:02:24Z,,Manual,,Sprint-7,,
SQ-C-119,Optimize ledger integrity check,Story,Done,core-banking-squad,2026-09-29T17:30:00Z,2026-10-09T15:49:12Z,,Manual,,Sprint-7,Sprint-8,
SQ-C-120,Document transaction history pagination,Story,Done,core-banking-squad,2026-10-01T16:45:00Z,2026-10-08T04:01:48Z,,Selenium,,Sprint-7,Sprint-8,
SQ-C-121,Fix double-entry validation,Story,Done,core-banking-squad,2026-10-02T13:45:00Z,2026-10-11T09:54:36Z,,Selenium,,Sprint-7,Sprint-8,
SQ-E-110,Harden goal progress notification,Story,Done,savings-squad,2026-10-05T10:00:00Z,2026-10-10T14:48:00Z,,Postman,,Sprint-7,Sprint-8,
SQ-E-111,Fix interest rate tiering,Story,Done,savings-squad,2026-10-04T08:15:00Z,2026-10-11T10:24:36Z,,Manual,,Sprint-7,Sprint-8,
SQ-E-112,Fix goal progress notification,Story,Done,savings-squad,2026-10-02T14:00:00Z,2026-10-15T14:00:00Z,,Selenium,,Sprint-7,Sprint-8,
SQ-E-113,Add interest rate tiering,Story,Done,savings-squad,2026-10-04T14:45:00Z,2026-10-10T18:49:48Z,,Postman,,Sprint-7,Sprint-8,
SQ-E-114,Investigate interest rate tiering,Story,Done,savings-squad,2026-09-30T15:00:00Z,2026-10-07T21:14:24Z,,Selenium,,Sprint-7,Sprint-8,
SQ-E-115,Harden interest rate tiering,Story,Done,savings-squad,2026-10-05T17:15:00Z,2026-10-13T02:36:36Z,,Postman,,Sprint-7,Sprint-8,
SQ-E-116,Harden savings withdrawal limit,Story,Done,savings-squad,2026-09-23T10:00:00Z,2026-10-01T15:45:36Z,,Manual,,Sprint-7,,
SQ-E-117,Fix savings goal tracking,Story,Done,savings-squad,2026-09-29T17:15:00Z,2026-10-07T14:51:00Z,,Manual,,Sprint-7,Sprint-8,
SQ-E-118,Refactor goal progress notification,Story,Done,savings-squad,2026-09-27T16:30:00Z,2026-10-06T04:58:48Z,,Selenium,,Sprint-7,,
SQ-E-119,Fix goal progress notification,Story,Done,savings-squad,2026-09-30T14:00:00Z,2026-10-05T20:14:24Z,,Selenium,,Sprint-7,,
SQ-E-120,Investigate goal progress notification,Story,Done,savings-squad,2026-10-01T12:30:00Z,2026-10-09T22:34:48Z,,Manual,,Sprint-7,Sprint-8,
SQ-E-121,Harden auto-save rule,Story,In Progress,savings-squad,2026-09-27T15:45:00Z,,,Perfecto Mobile,,Sprint-7,,
SQ-E-122,Optimize savings withdrawal limit,Story,Done,savings-squad,2026-09-30T17:00:00Z,2026-10-04T18:26:24Z,,Selenium,,Sprint-7,,
SQ-E-123,Add savings withdrawal limit,Story,Done,savings-squad,2026-10-03T11:30:00Z,2026-10-08T07:10:48Z,,Selenium,,Sprint-7,Sprint-8,
SQ-E-124,Harden savings goal tracking,Story,Done,savings-squad,2026-09-26T12:00:00Z,2026-10-04T11:45:36Z,,Manual,,Sprint-7,,
SQ-E-125,Investigate interest rate tiering,Story,Done,savings-squad,2026-09-25T15:30:00Z,2026-10-04T19:06:00Z,,Swagger,,Sprint-7,,
SQ-E-126,Refactor account opening flow,Story,Done,savings-squad,2026-10-03T11:45:00Z,2026-10-07T08:52:12Z,,Selenium,,Sprint-7,Sprint-8,
SQ-E-127,Fix savings goal tracking,Story,Done,savings-squad,2026-09-26T11:15:00Z,2026-10-01T07:39:00Z,,Selenium,,Sprint-7,,
SQ-A-130,Add credential rotation,Story,Done,auth-squad,2026-10-17T15:00:00Z,2026-10-23T22:55:12Z,,Selenium,,Sprint-8,Sprint-9,
SQ-A-131,Investigate credential rotation,Story,Done,auth-squad,2026-10-16T13:45:00Z,2026-10-25T14:57:00Z,,Selenium,,Sprint-8,Sprint-9,
SQ-A-132,Improve session handling,Story,Done,auth-squad,2026-10-19T16:30:00Z,2026-10-27T16:30:00Z,,Manual,,Sprint-8,Sprint-9,
SQ-A-133,Harden credential rotation,Story,Done,auth-squad,2026-10-19T14:45:00Z,2026-10-21T20:59:24Z,,Perfecto Mobile,,Sprint-8,Sprint-9,
SQ-A-134,Document MFA enrollment,Story,Done,auth-squad,2026-10-19T10:45:00Z,2026-10-27T00:54:36Z,,Perfecto Mobile,,Sprint-8,Sprint-9,
SQ-A-135,Harden login rate limiting,Story,Done,auth-squad,2026-10-07T08:15:00Z,2026-10-10T03:41:24Z,,Selenium,,Sprint-8,,
SQ-A-136,Harden MFA enrollment,Story,Done,auth-squad,2026-10-09T16:30:00Z,2026-10-15T10:58:48Z,,Selenium,,Sprint-8,,
SQ-A-137,Harden credential rotation,Story,Done,auth-squad,2026-10-14T14:15:00Z,2026-10-22T14:43:48Z,,Selenium,,Sprint-8,Sprint-9,
SQ-A-138,Fix password reset flow,Story,Done,auth-squad,2026-10-14T10:15:00Z,2026-10-21T22:00:36Z,,Selenium,,Sprint-8,Sprint-9,
SQ-A-139,Improve credential rotation,Story,Done,auth-squad,2026-10-19T11:45:00Z,2026-10-23T01:25:48Z,,Selenium,,Sprint-8,Sprint-9,
SQ-A-140,Harden credential rotation,Story,Done,auth-squad,2026-10-09T14:45:00Z,2026-10-18T18:21:00Z,,Selenium,,Sprint-8,,
SQ-A-141,Add token refresh,Story,Done,auth-squad,2026-10-11T16:00:00Z,2026-10-19T04:28:48Z,,Selenium,,Sprint-8,,
SQ-A-142,Harden login rate limiting,Story,Done,auth-squad,2026-10-14T09:45:00Z,2026-10-18T11:40:12Z,,Manual,,Sprint-8,,
SQ-A-143,Refactor login rate limiting,Story,In Progress,auth-squad,2026-10-19T12:30:00Z,,,Manual,,Sprint-8,,
SQ-A-144,Harden password reset flow,Story,Done,auth-squad,2026-10-17T16:15:00Z,2026-10-21T22:58:12Z,,Manual,,Sprint-8,Sprint-9,
SQ-A-145,Improve token refresh,Story,Done,auth-squad,2026-10-14T15:00:00Z,2026-10-18T21:57:36Z,,Postman,,Sprint-8,,
SQ-A-146,Fix session handling,Story,Done,auth-squad,2026-10-19T13:45:00Z,2026-10-26T03:25:48Z,,Selenium,,Sprint-8,Sprint-9,
SQ-A-147,Investigate login rate limiting,Story,Done,auth-squad,2026-10-12T11:30:00Z,2026-10-16T19:25:12Z,,Postman,,Sprint-8,,
SQ-A-148,Document credential rotation,Story,Done,auth-squad,2026-10-13T12:45:00Z,2026-10-23T00:59:24Z,,Selenium,,Sprint-8,Sprint-9,
SQ-A-149,Fix token refresh,Story,Done,auth-squad,2026-10-09T08:15:00Z,2026-10-16T15:27:00Z,,Selenium,,Sprint-8,,
SQ-B-124,Add cart persistence,Story,Done,checkout-squad,2026-10-08T09:00:00Z,2026-10-14T03:57:36Z,,Swagger,,Sprint-8,,
SQ-B-125,Fix cart abandonment email,Story,Done,checkout-squad,2026-10-13T16:00:00Z,2026-10-20T14:33:36Z,,Selenium,,Sprint-8,,
SQ-B-126,Improve checkout widget,Story,Done,checkout-squad,2026-10-11T11:15:00Z,2026-10-17T00:27:00Z,,Manual,,Sprint-8,,
SQ-B-127,Harden order summary,Story,Done,checkout-squad,2026-10-20T10:00:00Z,2026-11-03T15:02:24Z,,Manual,,Sprint-8,Sprint-9,
SQ-B-128,Improve guest checkout,Story,Done,checkout-squad,2026-10-20T16:30:00Z,2026-10-23T18:25:12Z,,Postman,,Sprint-8,Sprint-9,
SQ-B-129,Investigate discount code,Story,In Progress,checkout-squad,2026-10-14T17:45:00Z,,,Manual,,Sprint-8,,
SQ-B-130,Investigate checkout widget,Story,Done,checkout-squad,2026-10-15T11:00:00Z,2026-10-20T09:19:12Z,,Selenium,,Sprint-8,,
SQ-B-131,Add cart abandonment email,Story,Done,checkout-squad,2026-10-07T08:15:00Z,2026-10-13T02:15:00Z,,Manual,,Sprint-8,,
SQ-B-132,Investigate guest checkout,Story,Done,checkout-squad,2026-10-19T15:30:00Z,2026-11-03T12:22:48Z,,Selenium,,Sprint-8,Sprint-9,
SQ-B-133,Optimize order summary,Story,Done,checkout-squad,2026-10-19T08:30:00Z,2026-10-28T09:56:24Z,,Selenium,,Sprint-8,Sprint-9,
SQ-B-134,Refactor guest checkout,Story,In Progress,checkout-squad,2026-10-09T14:45:00Z,,,Swagger,,Sprint-8,,
SQ-B-135,Investigate order summary,Story,Done,checkout-squad,2026-10-19T17:30:00Z,2026-10-27T16:03:36Z,,Selenium,,Sprint-8,Sprint-9,
SQ-B-136,Document guest checkout,Story,Done,checkout-squad,2026-10-20T09:15:00Z,2026-10-23T06:22:12Z,,Manual,,Sprint-8,Sprint-9,
SQ-B-137,Add guest checkout,Story,Done,checkout-squad,2026-10-11T17:45:00Z,2026-10-13T21:35:24Z,,Selenium,,Sprint-8,,
SQ-B-138,Add checkout widget,Story,Done,checkout-squad,2026-10-09T09:30:00Z,2026-10-17T02:46:48Z,,Selenium,,Sprint-8,,
SQ-B-139,Document discount code,Story,Done,checkout-squad,2026-10-09T08:45:00Z,2026-10-14T17:23:24Z,,Manual,,Sprint-8,,
SQ-B-140,Improve cart persistence,Story,Done,checkout-squad,2026-10-18T08:30:00Z,2026-10-26T08:30:00Z,,Selenium,,Sprint-8,Sprint-9,
SQ-B-141,Investigate order summary,Story,Done,checkout-squad,2026-10-19T14:00:00Z,2026-10-23T00:48:00Z,,Selenium,,Sprint-8,Sprint-9,
SQ-D-125,Add wallet linking,Story,Done,payments-squad,2026-10-19T11:45:00Z,2026-10-25T00:42:36Z,,Manual,,Sprint-8,Sprint-9,
SQ-D-126,Investigate fraud rule tuning,Story,In Progress,payments-squad,2026-10-18T09:15:00Z,,,Selenium,,Sprint-8,,
SQ-D-127,Refactor fraud rule tuning,Story,Done,payments-squad,2026-10-17T08:00:00Z,2026-10-24T10:38:24Z,,Selenium,,Sprint-8,Sprint-9,
SQ-D-128,Add wallet linking,Story,Done,payments-squad,2026-10-20T11:00:00Z,2026-10-25T22:16:48Z,,Selenium,,Sprint-8,Sprint-9,
SQ-D-129,Add refund workflow,Story,In Progress,payments-squad,2026-10-16T09:45:00Z,,,Perfecto Mobile,,Sprint-8,,
SQ-D-130,Improve settlement batch,Story,Done,payments-squad,2026-10-14T17:15:00Z,2026-10-17T10:31:48Z,,Selenium,,Sprint-8,,
SQ-D-131,Add card tokenization,Story,Done,payments-squad,2026-10-17T17:30:00Z,2026-10-27T17:01:12Z,,Selenium,,Sprint-8,Sprint-9,
SQ-D-132,Harden settlement batch,Story,In Progress,payments-squad,2026-10-17T10:00:00Z,,,Perfecto Mobile,,Sprint-8,,
SQ-D-133,Add settlement batch,Story,Done,payments-squad,2026-10-10T08:45:00Z,2026-10-13T10:40:12Z,,Perfecto Mobile,,Sprint-8,,
SQ-D-134,Improve refund workflow,Story,Done,payments-squad,2026-10-14T16:30:00Z,2026-10-20T14:34:48Z,,Selenium,,Sprint-8,,
SQ-D-135,Improve card tokenization,Story,Done,payments-squad,2026-10-12T15:30:00Z,2026-10-19T10:27:36Z,,Manual,,Sprint-8,,
SQ-D-136,Document card tokenization,Story,Done,payments-squad,2026-10-09T15:30:00Z,2026-10-15T23:25:12Z,,Swagger,,Sprint-8,,
SQ-D-137,Harden refund workflow,Story,Done,payments-squad,2026-10-17T16:45:00Z,2026-10-26T18:11:24Z,,Selenium,,Sprint-8,Sprint-9,
SQ-D-138,Improve refund workflow,Story,Done,payments-squad,2026-10-12T09:45:00Z,2026-10-19T21:01:48Z,,Selenium,,Sprint-8,,
SQ-D-139,Fix card tokenization,Story,Done,payments-squad,2026-10-12T14:30:00Z,2026-10-18T19:03:36Z,,Selenium,,Sprint-8,,
SQ-C-122,Add statement generation,Story,Done,core-banking-squad,2026-10-20T08:15:00Z,2026-10-23T20:58:12Z,,Postman,,Sprint-8,Sprint-9,
SQ-C-123,Investigate account balance reconciliation,Story,Done,core-banking-squad,2026-10-20T14:45:00Z,2026-10-28T05:23:24Z,,Selenium,,Sprint-8,Sprint-9,
SQ-C-124,Document account balance reconciliation,Story,Done,core-banking-squad,2026-10-10T17:00:00Z,2026-10-29T23:57:36Z,,Manual,,Sprint-8,Sprint-9,
SQ-C-125,Optimize transaction history pagination,Story,Done,core-banking-squad,2026-10-19T08:30:00Z,2026-10-28T20:44:24Z,,Perfecto Mobile,,Sprint-8,Sprint-9,
SQ-C-126,Investigate account balance reconciliation,Story,Done,core-banking-squad,2026-10-07T17:30:00Z,2026-10-15T14:22:48Z,,Selenium,,Sprint-8,,
SQ-C-127,Refactor ledger integrity check,Story,Done,core-banking-squad,2026-10-15T09:00:00Z,2026-10-21T15:00:00Z,,Manual,,Sprint-8,Sprint-9,
SQ-C-128,Fix double-entry validation,Story,Done,core-banking-squad,2026-10-17T11:15:00Z,2026-10-23T22:31:48Z,,Manual,,Sprint-8,Sprint-9,
SQ-C-129,Improve statement generation,Story,In Progress,core-banking-squad,2026-10-12T15:45:00Z,,,Manual,,Sprint-8,,
SQ-C-130,Harden transaction history pagination,Story,Done,core-banking-squad,2026-10-15T13:15:00Z,2026-10-22T08:27:00Z,,Manual,,Sprint-8,Sprint-9,
SQ-C-131,Harden statement generation,Story,Done,core-banking-squad,2026-10-12T13:45:00Z,2026-10-18T00:18:36Z,,Selenium,,Sprint-8,,
SQ-C-132,Investigate transaction history pagination,Story,Done,core-banking-squad,2026-10-16T16:15:00Z,2026-10-23T01:51:00Z,,Manual,,Sprint-8,Sprint-9,
SQ-C-133,Add statement generation,Story,Done,core-banking-squad,2026-10-14T14:00:00Z,2026-10-24T10:38:24Z,,Selenium,,Sprint-8,Sprint-9,
SQ-C-134,Harden account balance reconciliation,Story,Done,core-banking-squad,2026-10-11T08:30:00Z,2026-10-15T01:46:48Z,,Swagger,,Sprint-8,,
SQ-C-135,Improve ledger integrity check,Story,Done,core-banking-squad,2026-10-20T12:15:00Z,2026-10-26T04:34:12Z,,Selenium,,Sprint-8,Sprint-9,
SQ-C-136,Fix statement generation,Story,Done,core-banking-squad,2026-10-12T17:15:00Z,2026-10-21T05:00:36Z,,Manual,,Sprint-8,Sprint-9,
SQ-C-137,Improve interest accrual calculation,Story,In Progress,core-banking-squad,2026-10-16T11:00:00Z,,,Perfecto Mobile,,Sprint-8,,
SQ-E-128,Optimize savings goal tracking,Story,Done,savings-squad,2026-10-16T09:30:00Z,2026-11-03T16:13:12Z,,Swagger,,Sprint-8,Sprint-9,
SQ-E-129,Fix interest rate tiering,Story,Done,savings-squad,2026-10-07T13:30:00Z,2026-10-13T00:46:48Z,,Swagger,,Sprint-8,,
SQ-E-130,Add account opening flow,Story,Done,savings-squad,2026-10-17T17:00:00Z,2026-10-24T18:26:24Z,,Manual,,Sprint-8,Sprint-9,
SQ-E-131,Improve savings goal tracking,Story,Done,savings-squad,2026-10-07T13:15:00Z,2026-10-15T03:10:12Z,,Perfecto Mobile,,Sprint-8,,
SQ-E-132,Fix interest rate tiering,Story,In Progress,savings-squad,2026-10-18T14:45:00Z,,,Manual,,Sprint-8,,
SQ-E-133,Add goal progress notification,Story,Done,savings-squad,2026-10-11T14:15:00Z,2026-10-14T06:05:24Z,,Manual,,Sprint-8,,
SQ-E-134,Improve interest rate tiering,Story,Done,savings-squad,2026-10-11T09:45:00Z,2026-10-19T14:18:36Z,,Manual,,Sprint-8,,
SQ-E-135,Refactor interest rate tiering,Story,Done,savings-squad,2026-10-15T11:45:00Z,2026-10-22T01:25:48Z,,Selenium,,Sprint-8,Sprint-9,
SQ-E-136,Fix savings withdrawal limit,Story,Done,savings-squad,2026-10-11T14:30:00Z,2026-10-18T05:08:24Z,,Manual,,Sprint-8,,
SQ-E-137,Add account opening flow,Story,Done,savings-squad,2026-10-13T13:30:00Z,2026-10-18T07:44:24Z,,Selenium,,Sprint-8,,
SQ-E-138,Refactor interest rate tiering,Story,Done,savings-squad,2026-10-12T17:45:00Z,2026-10-18T06:13:48Z,,Perfecto Mobile,,Sprint-8,,
SQ-E-139,Improve account opening flow,Story,Done,savings-squad,2026-10-12T10:00:00Z,2026-10-14T20:33:36Z,,Selenium,,Sprint-8,,
SQ-E-140,Refactor savings withdrawal limit,Story,In Progress,savings-squad,2026-10-12T09:30:00Z,,,Manual,,Sprint-8,,
SQ-E-141,Improve savings withdrawal limit,Story,Done,savings-squad,2026-10-10T11:30:00Z,2026-10-17T11:01:12Z,,Perfecto Mobile,,Sprint-8,,
SQ-E-142,Add account opening flow,Story,In Progress,savings-squad,2026-10-17T08:45:00Z,,,Selenium,,Sprint-8,,
SQ-E-143,Add auto-save rule,Story,Done,savings-squad,2026-10-07T12:15:00Z,2026-10-14T10:48:36Z,,Postman,,Sprint-8,,
SQ-E-144,Harden savings goal tracking,Story,Done,savings-squad,2026-10-07T09:45:00Z,2026-10-14T16:57:00Z,,Selenium,,Sprint-8,,
SQ-E-145,Fix account opening flow,Story,In Progress,savings-squad,2026-10-11T14:15:00Z,,,Manual,,Sprint-8,,
SQ-E-146,Document goal progress notification,Story,Done,savings-squad,2026-10-20T17:00:00Z,2026-10-26T17:14:24Z,,Perfecto Mobile,,Sprint-8,Sprint-9,
SQ-E-147,Document auto-save rule,Story,Done,savings-squad,2026-10-07T08:15:00Z,2026-10-11T18:48:36Z,,Swagger,,Sprint-8,,
SQ-A-150,Investigate session handling,Story,Done,auth-squad,2026-10-21T13:30:00Z,2026-10-25T23:34:48Z,,Postman,,Sprint-9,,
SQ-A-151,Refactor token refresh,Story,Done,auth-squad,2026-10-25T14:00:00Z,2026-11-04T04:09:36Z,,Selenium,,Sprint-9,Sprint-10,
SQ-A-152,Refactor credential rotation,Story,Done,auth-squad,2026-10-27T10:00:00Z,2026-11-02T14:04:48Z,,Selenium,,Sprint-9,,
SQ-A-153,Harden credential rotation,Story,Done,auth-squad,2026-10-30T10:45:00Z,2026-11-08T17:28:12Z,,Manual,,Sprint-9,Sprint-10,
SQ-A-154,Refactor token refresh,Story,Done,auth-squad,2026-10-23T11:15:00Z,2026-10-30T22:31:48Z,,Selenium,,Sprint-9,,
SQ-A-155,Improve password reset flow,Story,Done,auth-squad,2026-11-01T16:15:00Z,2026-11-10T22:43:48Z,,Manual,,Sprint-9,Sprint-10,
SQ-A-156,Fix token refresh,Story,Done,auth-squad,2026-10-23T13:00:00Z,2026-11-02T03:09:36Z,,Selenium,,Sprint-9,,
SQ-A-157,Optimize credential rotation,Story,In Progress,auth-squad,2026-11-03T10:00:00Z,,,Selenium,,Sprint-9,,
SQ-A-158,Improve session handling,Story,Done,auth-squad,2026-10-28T12:15:00Z,2026-10-31T08:39:00Z,,Swagger,,Sprint-9,,
SQ-A-159,Refactor token refresh,Story,Done,auth-squad,2026-10-30T17:30:00Z,2026-11-06T15:06:00Z,,Perfecto Mobile,,Sprint-9,Sprint-10,
SQ-A-160,Document password reset flow,Story,Done,auth-squad,2026-10-21T13:00:00Z,2026-10-27T08:26:24Z,,Postman,,Sprint-9,,
SQ-A-161,Refactor token refresh,Story,Done,auth-squad,2026-10-26T10:45:00Z,2026-10-29T13:09:00Z,,Selenium,,Sprint-9,,
SQ-A-162,Refactor token refresh,Story,Done,auth-squad,2026-10-27T08:30:00Z,2026-10-31T03:13:12Z,,Selenium,,Sprint-9,,
SQ-A-163,Refactor credential rotation,Story,Done,auth-squad,2026-10-23T15:45:00Z,2026-11-01T14:04:12Z,,Manual,,Sprint-9,,
SQ-A-164,Add login rate limiting,Story,Done,auth-squad,2026-11-02T08:45:00Z,2026-11-07T12:21:00Z,,Selenium,,Sprint-9,Sprint-10,
SQ-A-165,Optimize password reset flow,Story,Done,auth-squad,2026-10-28T15:00:00Z,2026-11-01T14:16:48Z,,Selenium,,Sprint-9,,
SQ-B-142,Investigate discount code,Story,In Progress,checkout-squad,2026-10-27T16:00:00Z,,,Manual,,Sprint-9,,
SQ-B-143,Improve order summary,Story,Done,checkout-squad,2026-10-23T14:30:00Z,2026-10-26T01:03:36Z,,Postman,,Sprint-9,,
SQ-B-144,Improve order summary,Story,Done,checkout-squad,2026-10-28T09:00:00Z,2026-11-04T01:19:12Z,,Manual,,Sprint-9,Sprint-10,
SQ-B-145,Refactor order summary,Story,Done,checkout-squad,2026-10-26T15:00:00Z,2026-11-02T08:16:48Z,,Selenium,,Sprint-9,,
SQ-B-146,Fix cart abandonment email,Story,Done,checkout-squad,2026-10-25T13:15:00Z,2026-10-28T13:00:36Z,,Manual,,Sprint-9,,
SQ-B-147,Improve order summary,Story,Done,checkout-squad,2026-10-31T13:00:00Z,2026-11-05T14:40:48Z,,Manual,,Sprint-9,Sprint-10,
SQ-B-148,Improve checkout widget,Story,Done,checkout-squad,2026-10-27T08:15:00Z,2026-11-02T20:43:48Z,,Selenium,,Sprint-9,,
SQ-B-149,Document discount code,Story,Done,checkout-squad,2026-10-23T08:45:00Z,2026-10-31T04:54:36Z,,Postman,,Sprint-9,,
SQ-B-150,Investigate cart persistence,Story,Done,checkout-squad,2026-10-23T09:15:00Z,2026-10-25T09:58:12Z,,Manual,,Sprint-9,,
SQ-B-151,Refactor guest checkout,Story,Done,checkout-squad,2026-10-28T15:00:00Z,2026-11-03T13:48:00Z,,Postman,,Sprint-9,,
SQ-B-152,Add checkout widget,Story,Done,checkout-squad,2026-10-28T15:45:00Z,2026-11-04T11:11:24Z,,Manual,,Sprint-9,Sprint-10,
SQ-B-153,Harden cart persistence,Story,In Progress,checkout-squad,2026-10-25T17:15:00Z,,,Selenium,,Sprint-9,,
SQ-B-154,Fix order summary,Story,Done,checkout-squad,2026-11-03T08:30:00Z,2026-11-06T01:18:00Z,,Selenium,,Sprint-9,Sprint-10,
SQ-B-155,Harden cart persistence,Story,Done,checkout-squad,2026-10-23T12:15:00Z,2026-10-31T12:00:36Z,,Selenium,,Sprint-9,,
SQ-B-156,Fix order summary,Story,Done,checkout-squad,2026-11-02T12:30:00Z,2026-11-07T13:13:12Z,,Manual,,Sprint-9,Sprint-10,
SQ-B-157,Investigate discount code,Story,Done,checkout-squad,2026-10-22T12:45:00Z,2026-10-30T02:11:24Z,,Manual,,Sprint-9,,
SQ-B-158,Fix guest checkout,Story,Done,checkout-squad,2026-10-27T16:15:00Z,2026-11-03T13:51:00Z,,Perfecto Mobile,,Sprint-9,,
SQ-B-159,Investigate order summary,Story,Done,checkout-squad,2026-10-31T16:00:00Z,2026-11-08T04:14:24Z,,Postman,,Sprint-9,Sprint-10,
SQ-B-160,Harden checkout widget,Story,Done,checkout-squad,2026-11-03T13:30:00Z,2026-11-13T12:32:24Z,,Postman,,Sprint-9,Sprint-10,
SQ-D-140,Refactor payment retry logic,Story,Done,payments-squad,2026-10-28T16:45:00Z,2026-11-01T03:18:36Z,,Selenium,,Sprint-9,,
SQ-D-141,Fix payment retry logic,Story,Done,payments-squad,2026-10-24T08:00:00Z,2026-11-09T23:07:12Z,,Selenium,,Sprint-9,Sprint-10,
SQ-D-142,Refactor card tokenization,Story,Done,payments-squad,2026-11-02T17:45:00Z,2026-11-07T09:49:48Z,,Postman,,Sprint-9,Sprint-10,
SQ-D-143,Harden card tokenization,Story,Done,payments-squad,2026-10-24T12:30:00Z,2026-10-28T23:32:24Z,,Selenium,,Sprint-9,,
SQ-D-144,Add wallet linking,Story,Done,payments-squad,2026-10-31T13:30:00Z,2026-11-07T02:42:00Z,,Selenium,,Sprint-9,Sprint-10,
SQ-D-145,Improve settlement batch,Story,Done,payments-squad,2026-10-26T13:45:00Z,2026-11-03T22:52:12Z,,Selenium,,Sprint-9,,
SQ-D-146,Add refund workflow,Story,Done,payments-squad,2026-10-31T15:30:00Z,2026-11-09T03:44:24Z,,Selenium,,Sprint-9,Sprint-10,
SQ-D-147,Harden card tokenization,Story,Done,payments-squad,2026-10-30T13:00:00Z,2026-11-07T00:31:12Z,,Selenium,,Sprint-9,Sprint-10,
SQ-D-148,Improve refund workflow,Story,Done,payments-squad,2026-10-25T08:30:00Z,2026-11-01T08:44:24Z,,Postman,,Sprint-9,,
SQ-D-149,Harden payment retry logic,Story,In Progress,payments-squad,2026-10-27T10:00:00Z,,,Selenium,,Sprint-9,,
SQ-D-150,Document fraud rule tuning,Story,Done,payments-squad,2026-10-25T14:00:00Z,2026-10-29T11:36:00Z,,Selenium,,Sprint-9,,
SQ-D-151,Refactor card tokenization,Story,Done,payments-squad,2026-10-29T12:15:00Z,2026-11-06T18:58:12Z,,Manual,,Sprint-9,Sprint-10,
SQ-D-152,Harden settlement batch,Story,Done,payments-squad,2026-10-29T08:45:00Z,2026-11-01T14:16:12Z,,Perfecto Mobile,,Sprint-9,,
SQ-D-153,Fix refund workflow,Story,Done,payments-squad,2026-11-03T16:30:00Z,2026-11-06T20:06:00Z,,Perfecto Mobile,,Sprint-9,Sprint-10,
SQ-D-154,Fix card tokenization,Story,Done,payments-squad,2026-10-23T11:00:00Z,2026-10-31T04:02:24Z,,Selenium,,Sprint-9,,
SQ-D-155,Fix refund workflow,Story,Done,payments-squad,2026-10-21T17:00:00Z,2026-10-30T19:38:24Z,,Swagger,,Sprint-9,,
SQ-D-156,Refactor fraud rule tuning,Story,Done,payments-squad,2026-10-31T12:00:00Z,2026-11-05T00:00:00Z,,Selenium,,Sprint-9,Sprint-10,
SQ-D-157,Fix fraud rule tuning,Story,Done,payments-squad,2026-10-24T12:30:00Z,2026-11-01T16:49:12Z,,Selenium,,Sprint-9,,
SQ-D-158,Fix wallet linking,Story,Done,payments-squad,2026-10-23T12:00:00Z,2026-11-09T02:38:24Z,,Manual,,Sprint-9,Sprint-10,
SQ-C-138,Investigate statement generation,Story,Done,core-banking-squad,2026-10-29T13:30:00Z,2026-11-06T04:37:12Z,,Selenium,,Sprint-9,Sprint-10,
SQ-C-139,Document account balance reconciliation,Story,Done,core-banking-squad,2026-10-23T09:30:00Z,2026-10-28T02:32:24Z,,Selenium,,Sprint-9,,
SQ-C-140,Optimize interest accrual calculation,Story,Done,core-banking-squad,2026-10-21T15:00:00Z,2026-10-24T01:19:12Z,,Selenium,,Sprint-9,,
SQ-C-141,Refactor double-entry validation,Story,Done,core-banking-squad,2026-11-01T17:45:00Z,2026-11-06T05:45:00Z,,Swagger,,Sprint-9,Sprint-10,
SQ-C-142,Document statement generation,Story,Done,core-banking-squad,2026-10-31T16:00:00Z,2026-11-08T17:12:00Z,,Selenium,,Sprint-9,Sprint-10,
SQ-C-143,Document interest accrual calculation,Story,Done,core-banking-squad,2026-10-22T15:00:00Z,2026-10-30T02:31:12Z,,Selenium,,Sprint-9,,
SQ-C-144,Harden transaction history pagination,Story,Done,core-banking-squad,2026-10-24T10:30:00Z,2026-10-29T13:51:36Z,,Manual,,Sprint-9,,
SQ-C-145,Document ledger integrity check,Story,Done,core-banking-squad,2026-10-28T08:00:00Z,2026-11-02T03:26:24Z,,Selenium,,Sprint-9,,
SQ-C-146,Fix transaction history pagination,Story,Done,core-banking-squad,2026-11-02T13:15:00Z,2026-11-07T19:15:00Z,,Manual,,Sprint-9,Sprint-10,
SQ-C-147,Optimize ledger integrity check,Story,Done,core-banking-squad,2026-10-31T09:30:00Z,2026-11-05T14:32:24Z,,Postman,,Sprint-9,Sprint-10,
SQ-C-148,Harden ledger integrity check,Story,Done,core-banking-squad,2026-10-24T16:15:00Z,2026-10-29T17:55:48Z,,Perfecto Mobile,,Sprint-9,,
SQ-C-149,Refactor ledger integrity check,Story,Done,core-banking-squad,2026-10-30T14:45:00Z,2026-11-04T08:30:36Z,,Postman,,Sprint-9,Sprint-10,
SQ-C-150,Harden statement generation,Story,Done,core-banking-squad,2026-10-31T09:45:00Z,2026-11-07T04:13:48Z,,Selenium,,Sprint-9,Sprint-10,
SQ-C-151,Fix double-entry validation,Story,Done,core-banking-squad,2026-11-03T15:15:00Z,2026-11-08T21:15:00Z,,Postman,,Sprint-9,Sprint-10,
SQ-C-152,Fix ledger integrity check,Story,Done,core-banking-squad,2026-11-02T14:30:00Z,2026-11-09T21:13:12Z,,Selenium,,Sprint-9,Sprint-10,
SQ-C-153,Investigate interest accrual calculation,Story,Done,core-banking-squad,2026-10-30T08:15:00Z,2026-11-04T23:07:48Z,,Postman,,Sprint-9,Sprint-10,
SQ-C-154,Investigate statement generation,Story,Done,core-banking-squad,2026-10-30T15:15:00Z,2026-11-08T15:43:48Z,,Perfecto Mobile,,Sprint-9,Sprint-10,
SQ-E-148,Optimize interest rate tiering,Story,Done,savings-squad,2026-10-27T13:00:00Z,2026-11-03T10:21:36Z,,Selenium,,Sprint-9,,
SQ-E-149,Harden savings goal tracking,Story,Done,savings-squad,2026-10-21T13:00:00Z,2026-11-06T13:57:36Z,,Selenium,,Sprint-9,Sprint-10,
SQ-E-150,Harden savings withdrawal limit,Story,In Progress,savings-squad,2026-11-03T08:15:00Z,,,Selenium,,Sprint-9,,
SQ-E-151,Document interest rate tiering,Story,Done,savings-squad,2026-10-27T14:45:00Z,2026-11-03T21:57:00Z,,Selenium,,Sprint-9,,
SQ-E-152,Improve interest rate tiering,Story,Done,savings-squad,2026-10-29T14:30:00Z,2026-11-01T20:01:12Z,,Selenium,,Sprint-9,,
SQ-E-153,Optimize interest rate tiering,Story,In Progress,savings-squad,2026-10-22T08:15:00Z,,,Selenium,,Sprint-9,,
SQ-E-154,Optimize goal progress notification,Story,Done,savings-squad,2026-10-23T14:45:00Z,2026-10-31T04:11:24Z,,Selenium,,Sprint-9,,
SQ-E-155,Harden interest rate tiering,Story,Done,savings-squad,2026-10-28T16:45:00Z,2026-11-03T07:09:00Z,,Selenium,,Sprint-9,,
SQ-E-156,Refactor savings withdrawal limit,Story,Done,savings-squad,2026-10-27T17:00:00Z,2026-11-05T11:28:48Z,,Manual,,Sprint-9,Sprint-10,
SQ-E-157,Document savings withdrawal limit,Story,Done,savings-squad,2026-10-25T14:30:00Z,2026-11-05T22:39:36Z,,Selenium,,Sprint-9,Sprint-10,
SQ-E-158,Investigate auto-save rule,Story,Done,savings-squad,2026-10-22T17:45:00Z,2026-10-25T09:06:36Z,,Manual,,Sprint-9,,
SQ-E-159,Fix savings withdrawal limit,Story,Done,savings-squad,2026-10-22T16:00:00Z,2026-10-29T17:12:00Z,,Postman,,Sprint-9,,
SQ-E-160,Add auto-save rule,Story,Done,savings-squad,2026-10-29T17:30:00Z,2026-11-07T23:01:12Z,,Manual,,Sprint-9,Sprint-10,
SQ-E-161,Investigate account opening flow,Story,Done,savings-squad,2026-10-29T15:30:00Z,2026-11-08T07:49:12Z,,Selenium,,Sprint-9,Sprint-10,
SQ-E-162,Add savings withdrawal limit,Story,Done,savings-squad,2026-10-21T17:30:00Z,2026-10-28T05:44:24Z,,Manual,,Sprint-9,,
SQ-E-163,Add account opening flow,Story,Done,savings-squad,2026-10-30T10:00:00Z,2026-11-03T17:55:12Z,,Manual,,Sprint-9,,
SQ-E-164,Improve goal progress notification,Story,Done,savings-squad,2026-10-22T10:00:00Z,2026-10-26T15:16:48Z,,Selenium,,Sprint-9,,
SQ-A-166,Improve password reset flow,Story,Done,auth-squad,2026-11-17T12:00:00Z,2026-11-24T07:55:12Z,,Manual,,Sprint-10,Sprint-11,
SQ-A-167,Improve login rate limiting,Story,Done,auth-squad,2026-11-09T10:30:00Z,2026-11-13T07:51:36Z,,Selenium,,Sprint-10,,
SQ-A-168,Document credential rotation,Story,Done,auth-squad,2026-11-09T09:15:00Z,2026-11-17T22:55:48Z,,Swagger,,Sprint-10,,
SQ-A-169,Harden session handling,Story,Done,auth-squad,2026-11-10T11:45:00Z,2026-11-13T19:54:36Z,,Postman,,Sprint-10,,
SQ-A-170,Investigate credential rotation,Story,Done,auth-squad,2026-11-08T09:00:00Z,2026-11-13T13:33:36Z,,Swagger,,Sprint-10,,
SQ-A-171,Document MFA enrollment,Story,Done,auth-squad,2026-11-16T16:15:00Z,2026-11-24T07:36:36Z,,Selenium,,Sprint-10,Sprint-11,
SQ-A-172,Optimize password reset flow,Story,Done,auth-squad,2026-11-12T14:00:00Z,2026-11-20T23:07:12Z,,Selenium,,Sprint-10,Sprint-11,
SQ-A-173,Optimize login rate limiting,Story,Done,auth-squad,2026-11-12T08:00:00Z,2026-11-19T10:24:00Z,,Postman,,Sprint-10,Sprint-11,
SQ-A-174,Investigate password reset flow,Story,Done,auth-squad,2026-11-17T12:30:00Z,2026-11-25T22:34:48Z,,Manual,,Sprint-10,Sprint-11,
SQ-A-175,Refactor login rate limiting,Story,Done,auth-squad,2026-11-10T15:15:00Z,2026-11-17T08:17:24Z,,Selenium,,Sprint-10,,
SQ-A-176,Fix session handling,Story,Done,auth-squad,2026-11-14T10:30:00Z,2026-11-21T19:37:12Z,,Manual,,Sprint-10,Sprint-11,
SQ-A-177,Investigate MFA enrollment,Story,Done,auth-squad,2026-11-05T16:00:00Z,2026-11-10T11:26:24Z,,Selenium,,Sprint-10,,
SQ-A-178,Refactor login rate limiting,Story,Done,auth-squad,2026-11-04T08:00:00Z,2026-11-20T16:24:00Z,,Postman,,Sprint-10,Sprint-11,
SQ-A-179,Improve session handling,Story,Done,auth-squad,2026-11-05T09:00:00Z,2026-11-08T09:57:36Z,,Perfecto Mobile,,Sprint-10,,
SQ-A-180,Document MFA enrollment,Story,Done,auth-squad,2026-11-06T12:30:00Z,2026-11-16T00:15:36Z,,Swagger,,Sprint-10,,
SQ-A-181,Add credential rotation,Story,Done,auth-squad,2026-11-10T13:30:00Z,2026-11-13T03:39:36Z,,Selenium,,Sprint-10,,
SQ-A-182,Document session handling,Story,Done,auth-squad,2026-11-09T08:30:00Z,2026-11-13T11:22:48Z,,Manual,,Sprint-10,,
SQ-B-161,Optimize checkout widget,Story,Done,checkout-squad,2026-11-13T14:15:00Z,2026-11-16T11:07:48Z,,Postman,,Sprint-10,,
SQ-B-162,Fix cart persistence,Story,Done,checkout-squad,2026-11-14T09:45:00Z,2026-11-17T05:40:12Z,,Manual,,Sprint-10,,
SQ-B-163,Add cart persistence,Story,Done,checkout-squad,2026-11-15T12:45:00Z,2026-12-01T00:16:12Z,,Perfecto Mobile,,Sprint-10,Sprint-11,
SQ-B-164,Add guest checkout,Story,Done,checkout-squad,2026-11-10T12:15:00Z,2026-11-19T18:00:36Z,,Perfecto Mobile,,Sprint-10,Sprint-11,
SQ-B-165,Fix guest checkout,Story,Done,checkout-squad,2026-11-16T15:45:00Z,2026-11-25T09:45:00Z,,Selenium,,Sprint-10,Sprint-11,
SQ-B-166,Harden discount code,Story,Done,checkout-squad,2026-11-04T14:45:00Z,2026-11-10T21:28:12Z,,Perfecto Mobile,,Sprint-10,,
SQ-B-167,Fix discount code,Story,Done,checkout-squad,2026-11-08T14:00:00Z,2026-11-18T06:04:48Z,,Manual,,Sprint-10,Sprint-11,
SQ-B-168,Investigate cart abandonment email,Story,Done,checkout-squad,2026-11-17T13:00:00Z,2026-11-25T14:55:12Z,,Selenium,,Sprint-10,Sprint-11,
SQ-B-169,Investigate cart abandonment email,Story,Done,checkout-squad,2026-11-06T16:00:00Z,2026-11-13T22:57:36Z,,Selenium,,Sprint-10,,
SQ-B-170,Refactor checkout widget,Story,Done,checkout-squad,2026-11-05T13:45:00Z,2026-11-12T15:11:24Z,,Selenium,,Sprint-10,,
SQ-B-171,Investigate order summary,Story,Done,checkout-squad,2026-11-07T08:15:00Z,2026-11-09T20:15:00Z,,Manual,,Sprint-10,,
SQ-B-172,Add order summary,Story,Done,checkout-squad,2026-11-17T15:00:00Z,2026-11-29T03:00:00Z,,Selenium,,Sprint-10,Sprint-11,
SQ-B-173,Improve cart abandonment email,Story,In Progress,checkout-squad,2026-11-07T16:45:00Z,,,Manual,,Sprint-10,,
SQ-B-174,Add order summary,Story,Done,checkout-squad,2026-11-07T09:00:00Z,2026-11-13T06:50:24Z,,Postman,,Sprint-10,,
SQ-B-175,Investigate cart persistence,Story,Done,checkout-squad,2026-11-04T11:15:00Z,2026-11-21T03:48:36Z,,Manual,,Sprint-10,Sprint-11,
SQ-B-176,Document guest checkout,Story,In Progress,checkout-squad,2026-11-13T10:00:00Z,,,Postman,,Sprint-10,,
SQ-D-159,Optimize fraud rule tuning,Story,Done,payments-squad,2026-11-05T11:45:00Z,2026-11-14T04:18:36Z,,Selenium,,Sprint-10,,
SQ-D-160,Refactor card tokenization,Story,Done,payments-squad,2026-11-14T17:15:00Z,2026-11-24T10:31:48Z,,Postman,,Sprint-10,Sprint-11,
SQ-D-161,Optimize wallet linking,Story,Done,payments-squad,2026-11-06T13:00:00Z,2026-11-09T16:07:12Z,,Perfecto Mobile,,Sprint-10,,
SQ-D-162,Add wallet linking,Story,Done,payments-squad,2026-11-09T16:15:00Z,2026-11-19T02:05:24Z,,Selenium,,Sprint-10,Sprint-11,
SQ-D-163,Document card tokenization,Story,Done,payments-squad,2026-11-16T17:45:00Z,2026-11-18T20:52:12Z,,Selenium,,Sprint-10,Sprint-11,
SQ-D-164,Investigate settlement batch,Story,Done,payments-squad,2026-11-04T10:00:00Z,2026-11-11T04:00:00Z,,Perfecto Mobile,,Sprint-10,,
SQ-D-165,Document settlement batch,Story,Done,payments-squad,2026-11-16T15:15:00Z,2026-11-23T18:07:48Z,,Selenium,,Sprint-10,Sprint-11,
SQ-D-166,Fix payment retry logic,Story,Done,payments-squad,2026-11-06T17:00:00Z,2026-11-14T10:45:36Z,,Selenium,,Sprint-10,,
SQ-D-167,Fix refund workflow,Story,Done,payments-squad,2026-11-09T14:00:00Z,2026-11-13T02:57:36Z,,Selenium,,Sprint-10,,
SQ-D-168,Refactor fraud rule tuning,Story,Done,payments-squad,2026-11-17T16:15:00Z,2026-11-24T16:29:24Z,,Selenium,,Sprint-10,Sprint-11,
SQ-D-169,Document settlement batch,Story,Done,payments-squad,2026-11-07T09:15:00Z,2026-11-17T03:15:00Z,,Selenium,,Sprint-10,,
SQ-D-170,Optimize fraud rule tuning,Story,Done,payments-squad,2026-11-06T08:00:00Z,2026-11-10T14:43:12Z,,Selenium,,Sprint-10,,
SQ-D-171,Improve wallet linking,Story,Done,payments-squad,2026-11-13T15:00:00Z,2026-11-16T01:04:48Z,,Selenium,,Sprint-10,,
SQ-D-172,Document refund workflow,Story,Done,payments-squad,2026-11-11T16:00:00Z,2026-11-24T18:52:48Z,,Manual,,Sprint-10,Sprint-11,
SQ-D-173,Refactor card tokenization,Story,Done,payments-squad,2026-11-09T14:15:00Z,2026-11-18T18:48:36Z,,Selenium,,Sprint-10,Sprint-11,
SQ-D-174,Optimize wallet linking,Story,Done,payments-squad,2026-11-07T09:15:00Z,2026-11-16T08:17:24Z,,Selenium,,Sprint-10,,
SQ-C-155,Document ledger integrity check,Story,In Progress,core-banking-squad,2026-11-13T15:00:00Z,,,Selenium,,Sprint-10,,
SQ-C-156,Investigate ledger integrity check,Story,Done,core-banking-squad,2026-11-09T10:45:00Z,2026-11-16T12:11:24Z,,Selenium,,Sprint-10,,
SQ-C-157,Document interest accrual calculation,Story,Done,core-banking-squad,2026-11-06T08:00:00Z,2026-11-09T05:21:36Z,,Manual,,Sprint-10,,
SQ-C-158,Improve statement generation,Story,In Progress,core-banking-squad,2026-11-06T13:15:00Z,,,Manual,,Sprint-10,,
SQ-C-159,Refactor statement generation,Story,Done,core-banking-squad,2026-11-17T11:00:00Z,2026-11-23T15:04:48Z,,Manual,,Sprint-10,Sprint-11,
SQ-C-160,Refactor ledger integrity check,Story,Done,core-banking-squad,2026-11-17T15:30:00Z,2026-12-02T11:54:00Z,,Selenium,,Sprint-10,Sprint-11,Sprint-12
SQ-C-161,Improve statement generation,Story,Done,core-banking-squad,2026-11-10T17:15:00Z,2026-11-17T10:46:12Z,,Selenium,,Sprint-10,,
SQ-C-162,Add interest accrual calculation,Story,In Progress,core-banking-squad,2026-11-10T08:00:00Z,,,Manual,,Sprint-10,,
SQ-C-163,Add double-entry validation,Story,Done,core-banking-squad,2026-11-10T15:00:00Z,2026-11-14T13:04:48Z,,Perfecto Mobile,,Sprint-10,,
SQ-C-164,Fix account balance reconciliation,Story,Done,core-banking-squad,2026-11-10T11:15:00Z,2026-11-14T09:05:24Z,,Manual,,Sprint-10,,
SQ-C-165,Add interest accrual calculation,Story,Done,core-banking-squad,2026-11-14T12:15:00Z,2026-11-23T08:53:24Z,,Manual,,Sprint-10,Sprint-11,
SQ-C-166,Document double-entry validation,Story,Done,core-banking-squad,2026-11-16T10:45:00Z,2026-11-25T10:01:48Z,,Postman,,Sprint-10,Sprint-11,
SQ-C-167,Add transaction history pagination,Story,Done,core-banking-squad,2026-11-04T09:45:00Z,2026-11-09T01:35:24Z,,Manual,,Sprint-10,,
SQ-C-168,Harden double-entry validation,Story,Done,core-banking-squad,2026-11-16T12:15:00Z,2026-11-19T03:51:00Z,,Selenium,,Sprint-10,Sprint-11,
SQ-C-169,Add transaction history pagination,Story,Done,core-banking-squad,2026-11-12T13:00:00Z,2026-11-17T11:04:48Z,,Selenium,,Sprint-10,,
SQ-C-170,Improve transaction history pagination,Story,Done,core-banking-squad,2026-11-06T16:00:00Z,2026-11-14T20:33:36Z,,Selenium,,Sprint-10,,
SQ-C-171,Refactor double-entry validation,Story,Done,core-banking-squad,2026-11-12T09:45:00Z,2026-11-20T10:13:48Z,,Swagger,,Sprint-10,Sprint-11,
SQ-C-172,Optimize transaction history pagination,Story,Done,core-banking-squad,2026-11-07T13:30:00Z,2026-11-13T14:13:12Z,,Selenium,,Sprint-10,,
SQ-E-165,Fix auto-save rule,Story,Done,savings-squad,2026-11-09T13:45:00Z,2026-11-15T18:47:24Z,,Perfecto Mobile,,Sprint-10,,
SQ-E-166,Fix interest rate tiering,Story,Done,savings-squad,2026-11-12T16:30:00Z,2026-11-17T15:18:00Z,,Manual,,Sprint-10,,
SQ-E-167,Fix savings goal tracking,Story,Done,savings-squad,2026-11-05T09:45:00Z,2026-11-09T17:11:24Z,,Selenium,,Sprint-10,,
SQ-E-168,Add account opening flow,Story,Done,savings-squad,2026-11-08T09:15:00Z,2026-11-17T09:15:00Z,,Manual,,Sprint-10,,
SQ-E-169,Add account opening flow,Story,Done,savings-squad,2026-11-14T16:15:00Z,2026-11-20T00:53:24Z,,Selenium,,Sprint-10,Sprint-11,
SQ-E-170,Harden auto-save rule,Story,Done,savings-squad,2026-11-05T08:15:00Z,2026-11-11T12:05:24Z,,Manual,,Sprint-10,,
SQ-E-171,Document auto-save rule,Story,Done,savings-squad,2026-11-09T13:45:00Z,2026-11-17T03:25:48Z,,Selenium,,Sprint-10,,
SQ-E-172,Document account opening flow,Story,Done,savings-squad,2026-11-13T10:30:00Z,2026-11-17T12:25:12Z,,Selenium,,Sprint-10,,
SQ-E-173,Improve goal progress notification,Story,Done,savings-squad,2026-11-16T08:15:00Z,2026-11-21T23:51:00Z,,Selenium,,Sprint-10,Sprint-11,
SQ-E-174,Improve interest rate tiering,Story,Done,savings-squad,2026-11-15T16:30:00Z,2026-11-19T02:06:00Z,,Selenium,,Sprint-10,Sprint-11,
SQ-E-175,Harden interest rate tiering,Story,Done,savings-squad,2026-11-05T08:30:00Z,2026-11-10T21:13:12Z,,Selenium,,Sprint-10,,
SQ-E-176,Document goal progress notification,Story,Done,savings-squad,2026-11-12T08:30:00Z,2026-11-15T12:49:12Z,,Selenium,,Sprint-10,,
SQ-E-177,Document interest rate tiering,Story,Done,savings-squad,2026-11-12T12:00:00Z,2026-11-17T17:45:36Z,,Manual,,Sprint-10,,
SQ-E-178,Harden savings withdrawal limit,Story,Done,savings-squad,2026-11-09T10:00:00Z,2026-11-15T18:52:48Z,,Perfecto Mobile,,Sprint-10,,
SQ-E-179,Improve goal progress notification,Story,Done,savings-squad,2026-11-08T15:30:00Z,2026-11-16T16:13:12Z,,Perfecto Mobile,,Sprint-10,,
SQ-A-183,Fix MFA enrollment,Story,Done,auth-squad,2026-11-23T09:45:00Z,2026-11-26T12:37:48Z,,Selenium,,Sprint-11,,
SQ-A-184,Add login rate limiting,Story,Done,auth-squad,2026-11-24T17:15:00Z,2026-11-27T11:00:36Z,,Postman,,Sprint-11,,
SQ-A-185,Refactor session handling,Story,Done,auth-squad,2026-11-21T17:15:00Z,2026-11-29T20:36:36Z,,Selenium,,Sprint-11,,
SQ-A-186,Document MFA enrollment,Story,Done,auth-squad,2026-11-26T15:00:00Z,2026-12-01T18:50:24Z,,Postman,,Sprint-11,,
SQ-A-187,Improve password reset flow,Story,Done,auth-squad,2026-11-27T16:00:00Z,2026-12-02T13:21:36Z,,Manual,,Sprint-11,Sprint-12,
SQ-A-188,Investigate credential rotation,Story,Done,auth-squad,2026-11-23T14:30:00Z,2026-12-07T16:54:00Z,,Manual,,Sprint-11,Sprint-12,
SQ-A-189,Document MFA enrollment,Story,Done,auth-squad,2026-11-19T11:45:00Z,2026-11-24T19:25:48Z,,Selenium,,Sprint-11,,
SQ-A-190,Fix token refresh,Story,Done,auth-squad,2026-11-30T14:45:00Z,2026-12-07T07:33:00Z,,Selenium,,Sprint-11,Sprint-12,
SQ-A-191,Optimize session handling,Story,Done,auth-squad,2026-11-22T15:30:00Z,2026-12-12T06:51:36Z,,Selenium,,Sprint-11,Sprint-12,
SQ-A-192,Improve token refresh,Story,Done,auth-squad,2026-11-24T12:45:00Z,2026-11-30T05:33:00Z,,Selenium,,Sprint-11,,
SQ-A-193,Investigate login rate limiting,Story,Done,auth-squad,2026-12-01T14:30:00Z,2026-12-03T22:39:36Z,,Selenium,,Sprint-11,Sprint-12,
SQ-A-194,Improve MFA enrollment,Story,Done,auth-squad,2026-11-25T16:45:00Z,2026-12-04T00:40:12Z,,Selenium,,Sprint-11,Sprint-12,
SQ-A-195,Optimize token refresh,Story,Done,auth-squad,2026-11-28T15:00:00Z,2026-12-07T18:21:36Z,,Manual,,Sprint-11,Sprint-12,
SQ-A-196,Fix login rate limiting,Story,Done,auth-squad,2026-11-29T11:00:00Z,2026-12-03T16:16:48Z,,Swagger,,Sprint-11,Sprint-12,
SQ-A-197,Document password reset flow,Story,Done,auth-squad,2026-11-23T17:45:00Z,2026-12-02T16:33:00Z,,Selenium,,Sprint-11,Sprint-12,
SQ-A-198,Add token refresh,Story,Done,auth-squad,2026-11-23T16:00:00Z,2026-11-26T23:12:00Z,,Selenium,,Sprint-11,,
SQ-A-199,Optimize password reset flow,Story,Done,auth-squad,2026-11-25T10:30:00Z,2026-11-29T14:49:12Z,,Selenium,,Sprint-11,,
SQ-A-200,Refactor password reset flow,Story,Done,auth-squad,2026-11-18T12:30:00Z,2026-11-28T00:15:36Z,,Selenium,,Sprint-11,,
SQ-B-177,Investigate discount code,Story,Done,checkout-squad,2026-11-27T10:30:00Z,2026-12-06T01:08:24Z,,Perfecto Mobile,,Sprint-11,Sprint-12,
SQ-B-178,Improve cart persistence,Story,Done,checkout-squad,2026-11-29T13:00:00Z,2026-12-04T08:26:24Z,,Selenium,,Sprint-11,Sprint-12,
SQ-B-179,Improve cart persistence,Story,Done,checkout-squad,2026-11-26T12:30:00Z,2026-12-01T19:42:00Z,,Selenium,,Sprint-11,,
SQ-B-180,Fix order summary,Story,Done,checkout-squad,2026-11-20T16:15:00Z,2026-11-29T00:53:24Z,,Manual,,Sprint-11,,
SQ-B-181,Investigate cart abandonment email,Story,Done,checkout-squad,2026-11-19T09:15:00Z,2026-11-25T05:24:36Z,,Selenium,,Sprint-11,,
SQ-B-182,Fix checkout widget,Story,Done,checkout-squad,2026-11-20T15:30:00Z,2026-11-25T02:03:36Z,,Selenium,,Sprint-11,,
SQ-B-183,Fix order summary,Story,Done,checkout-squad,2026-12-01T10:15:00Z,2026-12-05T02:34:12Z,,Perfecto Mobile,,Sprint-11,Sprint-12,
SQ-B-184,Optimize cart persistence,Story,Done,checkout-squad,2026-11-30T09:00:00Z,2026-12-15T17:38:24Z,,Selenium,,Sprint-11,Sprint-12,
SQ-B-185,Add cart persistence,Story,Done,checkout-squad,2026-11-19T08:00:00Z,2026-11-28T14:28:48Z,,Selenium,,Sprint-11,,
SQ-B-186,Refactor guest checkout,Story,Done,checkout-squad,2026-11-28T08:00:00Z,2026-12-07T16:38:24Z,,Selenium,,Sprint-11,Sprint-12,
SQ-B-187,Investigate guest checkout,Story,Done,checkout-squad,2026-11-20T13:00:00Z,2026-11-29T07:28:48Z,,Selenium,,Sprint-11,,
SQ-B-188,Add guest checkout,Story,Done,checkout-squad,2026-11-23T10:15:00Z,2026-11-25T23:27:00Z,,Selenium,,Sprint-11,,
SQ-B-189,Add cart abandonment email,Story,Done,checkout-squad,2026-11-29T11:30:00Z,2026-12-07T12:13:12Z,,Selenium,,Sprint-11,Sprint-12,
SQ-B-190,Document cart abandonment email,Story,In Progress,checkout-squad,2026-11-21T16:45:00Z,,,Selenium,,Sprint-11,,
SQ-B-191,Optimize cart persistence,Story,Done,checkout-squad,2026-11-20T13:45:00Z,2026-11-26T16:23:24Z,,Swagger,,Sprint-11,,
SQ-D-175,Harden payment retry logic,Story,Done,payments-squad,2026-11-19T15:00:00Z,2026-11-25T14:16:48Z,,Selenium,,Sprint-11,,
SQ-D-176,Investigate settlement batch,Story,Done,payments-squad,2026-11-26T08:00:00Z,2026-11-29T06:19:12Z,,Postman,,Sprint-11,,
SQ-D-177,Optimize wallet linking,Story,Done,payments-squad,2026-11-29T12:45:00Z,2026-12-04T18:59:24Z,,Selenium,,Sprint-11,Sprint-12,
SQ-D-178,Document payment retry logic,Story,Done,payments-squad,2026-12-01T15:30:00Z,2026-12-11T15:15:36Z,,Selenium,,Sprint-11,Sprint-12,
SQ-D-179,Fix payment retry logic,Story,Done,payments-squad,2026-11-24T15:00:00Z,2026-11-29T18:50:24Z,,Selenium,,Sprint-11,,
SQ-D-180,Optimize card tokenization,Story,Done,payments-squad,2026-11-19T13:15:00Z,2026-11-26T07:29:24Z,,Selenium,,Sprint-11,,
SQ-D-181,Investigate payment retry logic,Story,Done,payments-squad,2026-12-01T14:45:00Z,2026-12-09T07:47:24Z,,Manual,,Sprint-11,Sprint-12,
SQ-D-182,Improve settlement batch,Story,Done,payments-squad,2026-11-23T15:45:00Z,2026-11-29T17:54:36Z,,Selenium,,Sprint-11,,
SQ-D-183,Improve card tokenization,Story,Done,payments-squad,2026-11-19T12:45:00Z,2026-11-26T13:28:12Z,,Selenium,,Sprint-11,,
SQ-D-184,Improve settlement batch,Story,Done,payments-squad,2026-11-29T08:00:00Z,2026-12-01T13:02:24Z,,Postman,,Sprint-11,,
SQ-D-185,Fix payment retry logic,Story,In Progress,payments-squad,2026-11-28T13:15:00Z,,,Swagger,,Sprint-11,,
SQ-D-186,Document refund workflow,Story,Done,payments-squad,2026-11-26T15:45:00Z,2026-12-03T22:57:00Z,,Selenium,,Sprint-11,Sprint-12,
SQ-D-187,Optimize card tokenization,Story,Done,payments-squad,2026-11-26T13:00:00Z,2026-11-28T19:00:00Z,,Selenium,,Sprint-11,,
SQ-D-188,Improve refund workflow,Story,Done,payments-squad,2026-11-25T13:45:00Z,2026-11-27T20:42:36Z,,Postman,,Sprint-11,,
SQ-D-189,Optimize settlement batch,Story,Done,payments-squad,2026-12-01T12:15:00Z,2026-12-04T14:10:12Z,,Swagger,,Sprint-11,Sprint-12,
SQ-D-190,Document settlement batch,Story,Done,payments-squad,2026-11-19T17:45:00Z,2026-11-27T05:16:12Z,,Manual,,Sprint-11,,
SQ-D-191,Optimize refund workflow,Story,Done,payments-squad,2026-12-01T10:00:00Z,2026-12-07T09:02:24Z,,Perfecto Mobile,,Sprint-11,Sprint-12,
SQ-C-173,Improve transaction history pagination,Story,Done,core-banking-squad,2026-11-30T12:30:00Z,2026-12-16T19:56:24Z,,Selenium,,Sprint-11,Sprint-12,
SQ-C-174,Optimize account balance reconciliation,Story,Done,core-banking-squad,2026-11-30T17:00:00Z,2026-12-07T17:00:00Z,,Manual,,Sprint-11,Sprint-12,
SQ-C-175,Refactor ledger integrity check,Story,Done,core-banking-squad,2026-11-23T13:45:00Z,2026-11-30T20:42:36Z,,Postman,,Sprint-11,,
SQ-C-176,Investigate account balance reconciliation,Story,Done,core-banking-squad,2026-11-22T17:00:00Z,2026-11-25T05:28:48Z,,Selenium,,Sprint-11,,
SQ-C-177,Optimize statement generation,Story,Done,core-banking-squad,2026-11-20T08:30:00Z,2026-12-07T06:34:48Z,,Manual,,Sprint-11,Sprint-12,
SQ-C-178,Harden interest accrual calculation,Story,Done,core-banking-squad,2026-11-24T12:00:00Z,2026-12-01T04:48:00Z,,Manual,,Sprint-11,,
SQ-C-179,Refactor transaction history pagination,Story,Done,core-banking-squad,2026-11-24T13:00:00Z,2026-11-27T08:12:00Z,,Manual,,Sprint-11,,
SQ-C-180,Optimize ledger integrity check,Story,Done,core-banking-squad,2026-11-26T13:15:00Z,2026-12-01T11:05:24Z,,Manual,,Sprint-11,,
SQ-C-181,Optimize ledger integrity check,Story,Done,core-banking-squad,2026-11-28T09:15:00Z,2026-11-30T18:22:12Z,,Postman,,Sprint-11,,
SQ-C-182,Document interest accrual calculation,Story,Done,core-banking-squad,2026-11-29T09:00:00Z,2026-12-03T13:33:36Z,,Selenium,,Sprint-11,Sprint-12,
SQ-C-183,Harden ledger integrity check,Story,Done,core-banking-squad,2026-11-23T09:30:00Z,2026-11-27T19:06:00Z,,Manual,,Sprint-11,,
SQ-C-184,Add double-entry validation,Story,Done,core-banking-squad,2026-11-24T12:45:00Z,2026-11-30T21:52:12Z,,Perfecto Mobile,,Sprint-11,,
SQ-C-185,Document transaction history pagination,Story,Done,core-banking-squad,2026-11-26T10:45:00Z,2026-12-06T03:33:00Z,,Postman,,Sprint-11,Sprint-12,
SQ-C-186,Add statement generation,Story,Done,core-banking-squad,2026-11-26T17:45:00Z,2026-12-04T13:11:24Z,,Selenium,,Sprint-11,Sprint-12,
SQ-C-187,Investigate interest accrual calculation,Story,Done,core-banking-squad,2026-11-23T15:15:00Z,2026-12-01T14:31:48Z,,Manual,,Sprint-11,,
SQ-C-188,Investigate double-entry validation,Story,Done,core-banking-squad,2026-11-23T09:15:00Z,2026-11-27T12:36:36Z,,Selenium,,Sprint-11,,
SQ-C-189,Refactor account balance reconciliation,Story,Done,core-banking-squad,2026-11-22T17:15:00Z,2026-11-25T15:05:24Z,,Selenium,,Sprint-11,,
SQ-E-180,Refactor interest rate tiering,Story,Done,savings-squad,2026-11-25T15:45:00Z,2026-12-04T21:45:00Z,,Selenium,,Sprint-11,Sprint-12,
SQ-E-181,Improve savings withdrawal limit,Story,Done,savings-squad,2026-11-20T08:30:00Z,2026-11-24T13:46:48Z,,Selenium,,Sprint-11,,
SQ-E-182,Harden goal progress notification,Story,Done,savings-squad,2026-11-29T15:00:00Z,2026-12-18T16:40:48Z,,Selenium,,Sprint-11,Sprint-12,
SQ-E-183,Fix auto-save rule,Story,Done,savings-squad,2026-12-01T09:45:00Z,2026-12-08T18:37:48Z,,Perfecto Mobile,,Sprint-11,Sprint-12,
SQ-E-184,Fix goal progress notification,Story,Done,savings-squad,2026-12-01T10:15:00Z,2026-12-09T07:22:12Z,,Perfecto Mobile,,Sprint-11,Sprint-12,
SQ-E-185,Fix account opening flow,Story,Done,savings-squad,2026-12-01T17:30:00Z,2026-12-04T10:46:48Z,,Selenium,,Sprint-11,Sprint-12,
SQ-E-186,Optimize interest rate tiering,Story,Done,savings-squad,2026-12-01T17:45:00Z,2026-12-09T16:33:00Z,,Selenium,,Sprint-11,Sprint-12,
SQ-E-187,Investigate goal progress notification,Story,Done,savings-squad,2026-11-19T10:15:00Z,2026-11-24T22:43:48Z,,Selenium,,Sprint-11,,
SQ-E-188,Optimize auto-save rule,Story,Done,savings-squad,2026-11-25T16:30:00Z,2026-11-28T14:06:00Z,,Perfecto Mobile,,Sprint-11,,
SQ-E-189,Investigate savings goal tracking,Story,Done,savings-squad,2026-11-21T12:15:00Z,2026-11-29T05:46:12Z,,Postman,,Sprint-11,,
SQ-E-190,Refactor account opening flow,Story,Done,savings-squad,2026-11-27T08:00:00Z,2026-12-05T15:26:24Z,,Manual,,Sprint-11,Sprint-12,
SQ-E-191,Refactor auto-save rule,Story,Done,savings-squad,2026-11-24T12:30:00Z,2026-12-02T00:01:12Z,,Selenium,,Sprint-11,Sprint-12,
SQ-E-192,Refactor account opening flow,Story,Done,savings-squad,2026-11-18T14:30:00Z,2026-11-28T02:15:36Z,,Selenium,,Sprint-11,,
SQ-E-193,Optimize savings goal tracking,Story,Done,savings-squad,2026-12-01T10:45:00Z,2026-12-10T11:42:36Z,,Selenium,,Sprint-11,Sprint-12,
SQ-E-194,Harden savings withdrawal limit,Story,Done,savings-squad,2026-12-01T09:45:00Z,2026-12-06T16:57:00Z,,Manual,,Sprint-11,Sprint-12,
SQ-E-195,Harden auto-save rule,Story,Done,savings-squad,2026-12-01T09:15:00Z,2026-12-07T10:27:00Z,,Postman,,Sprint-11,Sprint-12,
SQ-E-196,Add savings withdrawal limit,Story,Done,savings-squad,2026-11-29T16:30:00Z,2026-12-01T21:46:48Z,,Postman,,Sprint-11,,
SQ-A-201,Investigate MFA enrollment,Story,In Progress,auth-squad,2026-12-12T15:15:00Z,,,Manual,,Sprint-12,,
SQ-A-202,Improve login rate limiting,Story,In Progress,auth-squad,2026-12-03T09:15:00Z,,,Perfecto Mobile,,Sprint-12,,
SQ-A-203,Investigate token refresh,Story,Done,auth-squad,2026-12-08T13:45:00Z,2026-12-16T10:52:12Z,,Perfecto Mobile,,Sprint-12,,
SQ-A-204,Improve credential rotation,Story,Done,auth-squad,2026-12-11T13:30:00Z,2026-12-16T21:10:48Z,,Selenium,,Sprint-12,,
SQ-A-205,Refactor session handling,Story,In Progress,auth-squad,2026-12-15T17:15:00Z,,,Manual,,Sprint-12,,
SQ-A-206,Investigate token refresh,Story,Done,auth-squad,2026-12-05T12:15:00Z,2026-12-22T01:41:24Z,,Selenium,,Sprint-12,,
SQ-A-207,Document password reset flow,Story,Done,auth-squad,2026-12-07T10:00:00Z,2026-12-23T03:31:12Z,,Manual,,Sprint-12,,
SQ-A-208,Investigate MFA enrollment,Story,Done,auth-squad,2026-12-03T11:15:00Z,2026-12-12T08:51:00Z,,Swagger,,Sprint-12,,
SQ-A-209,Refactor MFA enrollment,Story,Done,auth-squad,2026-12-09T14:15:00Z,2026-12-13T05:51:00Z,,Perfecto Mobile,,Sprint-12,,
SQ-A-210,Add MFA enrollment,Story,Done,auth-squad,2026-12-12T11:45:00Z,2026-12-20T19:54:36Z,,Selenium,,Sprint-12,,
SQ-A-211,Document session handling,Story,Done,auth-squad,2026-12-05T17:45:00Z,2026-12-10T16:47:24Z,,Selenium,,Sprint-12,,
SQ-A-212,Refactor password reset flow,Story,Done,auth-squad,2026-12-09T10:30:00Z,2026-12-14T14:49:12Z,,Selenium,,Sprint-12,,
SQ-A-213,Add MFA enrollment,Story,Done,auth-squad,2026-12-13T14:30:00Z,2026-12-29T14:44:24Z,,Selenium,,Sprint-12,,
SQ-A-214,Optimize MFA enrollment,Story,Done,auth-squad,2026-12-09T13:00:00Z,2026-12-25T01:57:36Z,,Manual,,Sprint-12,,
SQ-A-215,Improve MFA enrollment,Story,Done,auth-squad,2026-12-12T13:15:00Z,2026-12-19T00:46:12Z,,Selenium,,Sprint-12,,
SQ-A-216,Harden password reset flow,Story,Done,auth-squad,2026-12-10T15:30:00Z,2026-12-13T16:56:24Z,,Manual,,Sprint-12,,
SQ-B-192,Document discount code,Story,Done,checkout-squad,2026-12-04T12:00:00Z,2026-12-14T07:55:12Z,,Swagger,,Sprint-12,,
SQ-B-193,Investigate guest checkout,Story,Done,checkout-squad,2026-12-07T14:30:00Z,2026-12-11T17:08:24Z,,Selenium,,Sprint-12,,
SQ-B-194,Improve guest checkout,Story,Done,checkout-squad,2026-12-08T10:30:00Z,2026-12-14T08:49:12Z,,Postman,,Sprint-12,,
SQ-B-195,Improve cart persistence,Story,Done,checkout-squad,2026-12-12T15:00:00Z,2026-12-15T01:33:36Z,,Manual,,Sprint-12,,
SQ-B-196,Document cart persistence,Story,Done,checkout-squad,2026-12-06T10:45:00Z,2026-12-16T09:47:24Z,,Manual,,Sprint-12,,
SQ-B-197,Improve cart persistence,Story,Done,checkout-squad,2026-12-07T16:45:00Z,2026-12-10T14:21:00Z,,Selenium,,Sprint-12,,
SQ-B-198,Investigate guest checkout,Story,Done,checkout-squad,2026-12-03T11:30:00Z,2026-12-06T19:54:00Z,,Postman,,Sprint-12,,
SQ-B-199,Optimize cart persistence,Story,Done,checkout-squad,2026-12-11T11:00:00Z,2026-12-18T00:40:48Z,,Selenium,,Sprint-12,,
SQ-B-200,Fix order summary,Story,Done,checkout-squad,2026-12-14T15:00:00Z,2026-12-16T20:02:24Z,,Selenium,,Sprint-12,,
SQ-B-201,Document order summary,Story,Done,checkout-squad,2026-12-11T09:30:00Z,2026-12-14T01:06:00Z,,Postman,,Sprint-12,,
SQ-B-202,Document discount code,Story,In Progress,checkout-squad,2026-12-06T17:00:00Z,,,Perfecto Mobile,,Sprint-12,,
SQ-B-203,Investigate discount code,Story,Done,checkout-squad,2026-12-13T17:15:00Z,2026-12-16T02:36:36Z,,Selenium,,Sprint-12,,
SQ-B-204,Refactor order summary,Story,Done,checkout-squad,2026-12-13T09:45:00Z,2026-12-17T10:42:36Z,,Selenium,,Sprint-12,,
SQ-B-205,Improve cart persistence,Story,Done,checkout-squad,2026-12-02T11:15:00Z,2026-12-07T16:31:48Z,,Selenium,,Sprint-12,,
SQ-B-206,Harden cart abandonment email,Story,Done,checkout-squad,2026-12-09T14:30:00Z,2026-12-16T10:25:12Z,,Selenium,,Sprint-12,,
SQ-B-207,Document discount code,Story,Done,checkout-squad,2026-12-15T13:15:00Z,2026-12-24T15:10:12Z,,Manual,,Sprint-12,,
SQ-B-208,Improve order summary,Story,In Progress,checkout-squad,2026-12-11T14:00:00Z,,,Postman,,Sprint-12,,
SQ-B-209,Refactor cart abandonment email,Story,Done,checkout-squad,2026-12-08T09:00:00Z,2026-12-18T03:57:36Z,,Perfecto Mobile,,Sprint-12,,
SQ-D-192,Document fraud rule tuning,Story,Done,payments-squad,2026-12-04T15:00:00Z,2026-12-10T03:00:00Z,,Selenium,,Sprint-12,,
SQ-D-193,Add refund workflow,Story,Done,payments-squad,2026-12-04T12:15:00Z,2026-12-08T20:53:24Z,,Selenium,,Sprint-12,,
SQ-D-194,Document payment retry logic,Story,Done,payments-squad,2026-12-02T16:00:00Z,2026-12-07T23:12:00Z,,Perfecto Mobile,,Sprint-12,,
SQ-D-195,Add card tokenization,Story,Done,payments-squad,2026-12-11T12:30:00Z,2026-12-14T04:06:00Z,,Perfecto Mobile,,Sprint-12,,
SQ-D-196,Add card tokenization,Story,Done,payments-squad,2026-12-12T15:15:00Z,2026-12-21T09:00:36Z,,Manual,,Sprint-12,,
SQ-D-197,Document refund workflow,Story,Done,payments-squad,2026-12-13T12:30:00Z,2026-12-19T03:51:36Z,,Selenium,,Sprint-12,,
SQ-D-198,Investigate payment retry logic,Story,Done,payments-squad,2026-12-07T10:15:00Z,2026-12-15T09:46:12Z,,Selenium,,Sprint-12,,
SQ-D-199,Improve payment retry logic,Story,Done,payments-squad,2026-12-08T16:00:00Z,2026-12-20T17:12:00Z,,Manual,,Sprint-12,,
SQ-D-200,Harden payment retry logic,Story,Done,payments-squad,2026-12-09T14:45:00Z,2026-12-18T02:59:24Z,,Perfecto Mobile,,Sprint-12,,
SQ-D-201,Refactor card tokenization,Story,Done,payments-squad,2026-12-13T14:30:00Z,2026-12-16T16:25:12Z,,Selenium,,Sprint-12,,
SQ-D-202,Refactor settlement batch,Story,Done,payments-squad,2026-12-13T11:00:00Z,2026-12-20T15:33:36Z,,Postman,,Sprint-12,,
SQ-D-203,Improve settlement batch,Story,Done,payments-squad,2026-12-15T16:15:00Z,2026-12-23T20:05:24Z,,Manual,,Sprint-12,,
SQ-D-204,Document settlement batch,Story,Done,payments-squad,2026-12-02T09:15:00Z,2026-12-10T07:05:24Z,,Manual,,Sprint-12,,
SQ-D-205,Optimize card tokenization,Story,Done,payments-squad,2026-12-02T15:15:00Z,2026-12-09T04:41:24Z,,Selenium,,Sprint-12,,
SQ-D-206,Investigate card tokenization,Story,Done,payments-squad,2026-12-02T09:45:00Z,2026-12-11T04:42:36Z,,Manual,,Sprint-12,,
SQ-D-207,Add settlement batch,Story,Done,payments-squad,2026-12-08T15:45:00Z,2026-12-11T03:30:36Z,,Manual,,Sprint-12,,
SQ-D-208,Document card tokenization,Story,Done,payments-squad,2026-12-07T16:00:00Z,2026-12-14T20:33:36Z,,Manual,,Sprint-12,,
SQ-D-209,Investigate payment retry logic,Story,Done,payments-squad,2026-12-11T13:45:00Z,2026-12-13T17:49:48Z,,Selenium,,Sprint-12,,
SQ-D-210,Harden refund workflow,Story,Done,payments-squad,2026-12-09T13:45:00Z,2026-12-13T07:59:24Z,,Perfecto Mobile,,Sprint-12,,
SQ-D-211,Optimize settlement batch,Story,Done,payments-squad,2026-12-12T15:15:00Z,2026-12-20T09:58:12Z,,Perfecto Mobile,,Sprint-12,,
SQ-C-190,Refactor transaction history pagination,Story,Done,core-banking-squad,2026-12-13T13:45:00Z,2026-12-22T07:59:24Z,,Perfecto Mobile,,Sprint-12,,
SQ-C-191,Document account balance reconciliation,Story,Done,core-banking-squad,2026-12-13T09:45:00Z,2026-12-17T00:09:00Z,,Manual,,Sprint-12,,
SQ-C-192,Add transaction history pagination,Story,Done,core-banking-squad,2026-12-09T12:15:00Z,2026-12-11T21:22:12Z,,Selenium,,Sprint-12,,
SQ-C-193,Add account balance reconciliation,Story,Done,core-banking-squad,2026-12-07T10:15:00Z,2026-12-16T14:05:24Z,,Selenium,,Sprint-12,,
SQ-C-194,Investigate transaction history pagination,Story,Done,core-banking-squad,2026-12-08T09:15:00Z,2026-12-12T04:12:36Z,,Selenium,,Sprint-12,,
SQ-C-195,Fix double-entry validation,Story,Done,core-banking-squad,2026-12-14T08:30:00Z,2026-12-23T04:25:12Z,,Selenium,,Sprint-12,,
SQ-C-196,Fix statement generation,Story,Done,core-banking-squad,2026-12-09T15:00:00Z,2026-12-17T21:00:00Z,,Selenium,,Sprint-12,,
SQ-C-197,Harden ledger integrity check,Story,Done,core-banking-squad,2026-12-10T09:15:00Z,2026-12-19T08:31:48Z,,Perfecto Mobile,,Sprint-12,,
SQ-C-198,Harden transaction history pagination,Story,In Progress,core-banking-squad,2026-12-06T15:45:00Z,,,Selenium,,Sprint-12,,
SQ-C-199,Add ledger integrity check,Story,Done,core-banking-squad,2026-12-03T11:45:00Z,2026-12-11T15:21:00Z,,Manual,,Sprint-12,,
SQ-C-200,Optimize transaction history pagination,Story,Done,core-banking-squad,2026-12-07T12:15:00Z,2026-12-12T11:46:12Z,,Postman,,Sprint-12,,
SQ-C-201,Refactor ledger integrity check,Story,Done,core-banking-squad,2026-12-12T11:15:00Z,2026-12-18T17:00:36Z,,Manual,,Sprint-12,,
SQ-C-202,Harden account balance reconciliation,Story,Done,core-banking-squad,2026-12-08T14:45:00Z,2026-12-14T17:52:12Z,,Manual,,Sprint-12,,
SQ-C-203,Improve interest accrual calculation,Story,Done,core-banking-squad,2026-12-04T08:00:00Z,2026-12-08T20:28:48Z,,Selenium,,Sprint-12,,
SQ-C-204,Investigate interest accrual calculation,Story,Done,core-banking-squad,2026-12-08T08:15:00Z,2026-12-10T19:17:24Z,,Manual,,Sprint-12,,
SQ-C-205,Harden account balance reconciliation,Story,Done,core-banking-squad,2026-12-12T16:30:00Z,2026-12-17T04:44:24Z,,Selenium,,Sprint-12,,
SQ-C-206,Refactor statement generation,Story,Done,core-banking-squad,2026-12-10T17:15:00Z,2026-12-16T06:55:48Z,,Postman,,Sprint-12,,
SQ-C-207,Optimize ledger integrity check,Story,Done,core-banking-squad,2026-12-14T17:45:00Z,2026-12-23T20:09:00Z,,Selenium,,Sprint-12,,
SQ-C-208,Improve statement generation,Story,In Progress,core-banking-squad,2026-12-03T08:30:00Z,,,Manual,,Sprint-12,,
SQ-C-209,Harden double-entry validation,Story,Done,core-banking-squad,2026-12-06T11:00:00Z,2026-12-10T23:00:00Z,,Selenium,,Sprint-12,,
SQ-E-197,Optimize goal progress notification,Story,In Progress,savings-squad,2026-12-02T16:30:00Z,,,Selenium,,Sprint-12,,
SQ-E-198,Fix savings goal tracking,Story,Done,savings-squad,2026-12-13T08:30:00Z,2026-12-19T09:56:24Z,,Swagger,,Sprint-12,,
SQ-E-199,Document account opening flow,Story,In Progress,savings-squad,2026-12-12T09:45:00Z,,,Selenium,,Sprint-12,,
SQ-E-200,Improve savings withdrawal limit,Story,Done,savings-squad,2026-12-14T17:15:00Z,2026-12-18T23:58:12Z,,Selenium,,Sprint-12,,
SQ-E-201,Harden auto-save rule,Story,Done,savings-squad,2026-12-10T11:00:00Z,2026-12-17T02:50:24Z,,Selenium,,Sprint-12,,
SQ-E-202,Improve auto-save rule,Story,Done,savings-squad,2026-12-04T14:45:00Z,2026-12-07T02:45:00Z,,Selenium,,Sprint-12,,
SQ-E-203,Optimize account opening flow,Story,Done,savings-squad,2026-12-09T09:30:00Z,2026-12-14T14:46:48Z,,Manual,,Sprint-12,,
SQ-E-204,Optimize interest rate tiering,Story,Done,savings-squad,2026-12-09T14:45:00Z,2026-12-19T04:40:12Z,,Selenium,,Sprint-12,,
SQ-E-205,Fix savings withdrawal limit,Story,Done,savings-squad,2026-12-10T10:45:00Z,2026-12-13T11:42:36Z,,Selenium,,Sprint-12,,
SQ-E-206,Harden savings goal tracking,Story,In Progress,savings-squad,2026-12-09T15:00:00Z,,,Postman,,Sprint-12,,
SQ-E-207,Add goal progress notification,Story,Done,savings-squad,2026-12-15T14:00:00Z,2026-12-22T03:40:48Z,,Selenium,,Sprint-12,,
SQ-E-208,Document savings goal tracking,Story,Done,savings-squad,2026-12-03T13:30:00Z,2026-12-07T23:49:12Z,,Selenium,,Sprint-12,,
SQ-E-209,Investigate interest rate tiering,Story,Done,savings-squad,2026-12-04T17:45:00Z,2026-12-23T18:57:00Z,,Selenium,,Sprint-12,,
SQ-E-210,Add auto-save rule,Story,Done,savings-squad,2026-12-15T15:00:00Z,2026-12-20T09:57:36Z,,Manual,,Sprint-12,,
SQ-E-211,Document savings withdrawal limit,Story,Done,savings-squad,2026-12-11T12:45:00Z,2026-12-19T18:45:00Z,,Postman,,Sprint-12,,
SQ-A-217,Session cache corruption in Auth service,Sub-task,Done,auth-squad,2026-07-15T10:15:00Z,2026-07-16T10:15:00Z,Session cache corruption in Auth service; fix in progress,,Cluster-1-Auth,Sprint-2,,
SQ-A-218,Session cache corruption in Auth service,Sub-task,Done,auth-squad,2026-07-16T16:45:00Z,2026-07-17T16:45:00Z,Session cache corruption in Auth service; fix in progress,,Cluster-1-Auth,Sprint-2,,
SQ-A-219,Session cache corruption in Auth service,Sub-task,Done,auth-squad,2026-07-17T15:45:00Z,2026-07-18T15:45:00Z,Session cache corruption in Auth service; fix in progress,,Cluster-1-Auth,Sprint-2,,
SQ-B-210,Feature blocked pending Auth service fix,Sub-task,Done,checkout-squad,2026-07-16T10:30:00Z,2026-07-17T10:30:00Z,Waiting on Login service (SQ-A),,Cluster-1-Auth,Sprint-2,,
SQ-B-211,Feature blocked pending Auth service fix,Sub-task,Done,checkout-squad,2026-07-17T09:45:00Z,2026-07-18T09:45:00Z,Waiting on Login service (SQ-A),,Cluster-1-Auth,Sprint-2,,
SQ-B-212,Feature blocked pending Auth service fix,Sub-task,Waiting,checkout-squad,2026-07-18T14:15:00Z,,Waiting on Login service (SQ-A),,Cluster-1-Auth,Sprint-2,,
SQ-D-212,Feature blocked pending Auth service fix,Sub-task,Done,payments-squad,2026-07-16T14:30:00Z,2026-07-17T14:30:00Z,Waiting on Login service (SQ-A),,Cluster-1-Auth,Sprint-2,,
SQ-D-213,Feature blocked pending Auth service fix,Sub-task,Done,payments-squad,2026-07-17T16:00:00Z,2026-07-18T16:00:00Z,Waiting on Login service (SQ-A),,Cluster-1-Auth,Sprint-2,,
SQ-D-214,Feature blocked pending Auth service fix,Sub-task,Waiting,payments-squad,2026-07-18T15:30:00Z,,Waiting on Login service (SQ-A),,Cluster-1-Auth,Sprint-2,,
SQ-C-210,DataPlatform annual release delayed (Q3 schema update),Sub-task,Done,core-banking-squad,2026-08-05T09:15:00Z,2026-08-06T09:15:00Z,Waiting on DataPlatform team annual release (scheduled Q3),,Cluster-2-DataPlatform,Sprint-3,,
SQ-C-211,DataPlatform annual release delayed (Q3 schema update),Sub-task,Done,core-banking-squad,2026-08-06T08:30:00Z,2026-08-07T08:30:00Z,Waiting on DataPlatform team annual release (scheduled Q3),,Cluster-2-DataPlatform,Sprint-3,,
SQ-C-212,DataPlatform annual release delayed (Q3 schema update),Sub-task,Done,core-banking-squad,2026-08-07T16:00:00Z,2026-08-08T16:00:00Z,Waiting on DataPlatform team annual release (scheduled Q3),,Cluster-2-DataPlatform,Sprint-3,,
SQ-C-213,DataPlatform annual release delayed (Q3 schema update),Sub-task,Done,core-banking-squad,2026-08-08T16:00:00Z,2026-08-09T16:00:00Z,Waiting on DataPlatform team annual release (scheduled Q3),,Cluster-2-DataPlatform,Sprint-3,,
SQ-C-214,DataPlatform annual release delayed (Q3 schema update),Sub-task,Done,core-banking-squad,2026-08-09T11:00:00Z,2026-08-10T11:00:00Z,Waiting on DataPlatform team annual release (scheduled Q3),,Cluster-2-DataPlatform,Sprint-3,,
SQ-E-212,Feature blocked pending Core Banking data platform fix,Sub-task,Done,savings-squad,2026-08-06T17:15:00Z,2026-08-07T17:15:00Z,Waiting on Core Banking data updates (DataPlatform delay),,Cluster-2-DataPlatform,Sprint-3,,
SQ-E-213,Feature blocked pending Core Banking data platform fix,Sub-task,Done,savings-squad,2026-08-07T15:00:00Z,2026-08-08T15:00:00Z,Waiting on Core Banking data updates (DataPlatform delay),,Cluster-2-DataPlatform,Sprint-3,,
SQ-E-214,Feature blocked pending Core Banking data platform fix,Sub-task,Done,savings-squad,2026-08-08T09:15:00Z,2026-08-09T09:15:00Z,Waiting on Core Banking data updates (DataPlatform delay),,Cluster-2-DataPlatform,Sprint-3,,
SQ-E-215,Feature blocked pending Core Banking data platform fix,Sub-task,Done,savings-squad,2026-08-09T08:30:00Z,2026-08-10T08:30:00Z,Waiting on Core Banking data updates (DataPlatform delay),,Cluster-2-DataPlatform,Sprint-3,,
SQ-E-216,Feature blocked pending Core Banking data platform fix,Sub-task,Waiting,savings-squad,2026-08-10T11:15:00Z,,Waiting on Core Banking data updates (DataPlatform delay),,Cluster-2-DataPlatform,Sprint-3,,
